-- phpMyAdmin SQL Dump
-- version 5.0.4
-- https://www.phpmyadmin.net/
--
-- Servidor: 127.0.0.1
-- Tiempo de generación: 14-10-2021 a las 06:37:04
-- Versión del servidor: 10.4.17-MariaDB
-- Versión de PHP: 8.0.1

SET SQL_MODE = "NO_AUTO_VALUE_ON_ZERO";
START TRANSACTION;
SET time_zone = "+00:00";


/*!40101 SET @OLD_CHARACTER_SET_CLIENT=@@CHARACTER_SET_CLIENT */;
/*!40101 SET @OLD_CHARACTER_SET_RESULTS=@@CHARACTER_SET_RESULTS */;
/*!40101 SET @OLD_COLLATION_CONNECTION=@@COLLATION_CONNECTION */;
/*!40101 SET NAMES utf8mb4 */;

--
-- Base de datos: `solintra`
--

-- --------------------------------------------------------

--
-- Estructura de tabla para la tabla `clients`
--

CREATE TABLE `clients` (
  `id` int(10) UNSIGNED NOT NULL,
  `name` varchar(255) COLLATE utf8mb4_unicode_ci NOT NULL,
  `ruc` varchar(255) COLLATE utf8mb4_unicode_ci NOT NULL,
  `address` varchar(255) COLLATE utf8mb4_unicode_ci NOT NULL,
  `created_at` timestamp NULL DEFAULT NULL,
  `updated_at` timestamp NULL DEFAULT NULL
) ENGINE=InnoDB DEFAULT CHARSET=utf8mb4 COLLATE=utf8mb4_unicode_ci;

--
-- Volcado de datos para la tabla `clients`
--

INSERT INTO `clients` (`id`, `name`, `ruc`, `address`, `created_at`, `updated_at`) VALUES
(1, 'Soloson I', '12345678912', 'Av. Los informáticos 107', NULL, NULL),
(2, 'Soloson II', '12345678912', 'Av. Los informáticos 108', NULL, NULL),
(3, 'Mototap', '123333', 'gggg', '2021-01-19 00:10:53', NULL);

-- --------------------------------------------------------

--
-- Estructura de tabla para la tabla `failed_jobs`
--

CREATE TABLE `failed_jobs` (
  `id` bigint(20) UNSIGNED NOT NULL,
  `connection` text COLLATE utf8mb4_unicode_ci NOT NULL,
  `queue` text COLLATE utf8mb4_unicode_ci NOT NULL,
  `payload` longtext COLLATE utf8mb4_unicode_ci NOT NULL,
  `exception` longtext COLLATE utf8mb4_unicode_ci NOT NULL,
  `failed_at` timestamp NOT NULL DEFAULT current_timestamp()
) ENGINE=InnoDB DEFAULT CHARSET=utf8mb4 COLLATE=utf8mb4_unicode_ci;

-- --------------------------------------------------------

--
-- Estructura de tabla para la tabla `invoices`
--

CREATE TABLE `invoices` (
  `id` int(10) UNSIGNED NOT NULL,
  `client_id` int(10) UNSIGNED DEFAULT NULL,
  `cliente` varchar(50) COLLATE utf8mb4_unicode_ci DEFAULT NULL,
  `area` varchar(50) COLLATE utf8mb4_unicode_ci DEFAULT NULL,
  `user` varchar(50) COLLATE utf8mb4_unicode_ci DEFAULT NULL,
  `nota` varchar(50) COLLATE utf8mb4_unicode_ci DEFAULT NULL,
  `tbulto` varchar(50) COLLATE utf8mb4_unicode_ci DEFAULT NULL,
  `created_at` timestamp NULL DEFAULT NULL,
  `updated_at` timestamp NULL DEFAULT NULL
) ENGINE=InnoDB DEFAULT CHARSET=utf8mb4 COLLATE=utf8mb4_unicode_ci;

--
-- Volcado de datos para la tabla `invoices`
--

INSERT INTO `invoices` (`id`, `client_id`, `cliente`, `area`, `user`, `nota`, `tbulto`, `created_at`, `updated_at`) VALUES
(24, 2, 'Soloson I', 'Almacen', 'Alberto Prada', 'TRALADO ENTRE CENTRO PARA ATENDER PEDIDO', '', '2021-02-01 21:39:50', '2021-02-01 21:39:50'),
(25, 1, 'Jose Da Fonseca', 'ALMACEN', 'ALBERTO PRADA', 'DESPACHO MANUAL DEBIDO A CIRRE', '', '2021-02-01 21:55:56', '2021-02-01 21:55:56'),
(26, 2, 'Soloson I', 'ALMACEN', 'ALBERTO PRADA', 'TRASLADO ENTRE CENTROS', '', '2021-02-02 15:34:34', '2021-02-02 15:34:34'),
(27, 2, 'Soloson I', 'ALMACEN', 'ALBERTO PRADA', 'TRASLADO ENTRE CENTROS', '', '2021-02-02 16:05:39', '2021-02-02 16:05:39'),
(28, 1, 'TOP MOTOS C.A.', 'ALMACEN', 'ALBERTO PRADA', 'MATERIAL POP', '', '2021-02-02 18:40:52', '2021-02-02 18:40:52'),
(29, 2, 'Soloson l', 'ALMACEN', 'ALBERTO PRADA', 'TRASLADO ENTRE CENTROS', '', '2021-02-03 15:40:40', '2021-02-03 15:40:40'),
(30, 2, 'Soloson I', 'ALMACEN', 'ALBERTO PRADA', 'TRASLADO ENTRE CENTRO', '', '2021-02-03 16:06:43', '2021-02-03 16:06:43'),
(31, 1, 'JOSE DA FONSECA', 'ALMACEN', 'ALBERTO PRADA', 'CAMBIO POR GARANTIA', '', '2021-02-03 16:35:08', '2021-02-03 16:35:08'),
(35, 1, 'YVONE VILLARROEL', 'ALMACEN', 'ALBERTO PRADA', 'DONACION SAIME CORREO ANEXO', '', '2021-02-03 18:58:54', '2021-02-03 18:58:54'),
(36, 2, 'Soloson1', 'ALMACEN', 'ALBERTO PRADA', 'TRANSFERENCIA ENTRE CENTROS', '', '2021-02-03 19:14:08', '2021-02-03 19:14:08'),
(37, 2, 'Soloson I', 'ALMACEN', 'ALBERTO PRADA', 'TRASLADO ENTRE CENTRO', '', '2021-02-03 22:55:01', '2021-02-03 22:55:01'),
(38, 1, 'MULTISERVICIOS AUTO TEPUY', 'ALMACEN', 'ALBERTO PRADA', 'POP', '', '2021-02-03 23:00:41', '2021-02-03 23:00:41'),
(39, 1, 'Soloson II', 'ALMACEN', 'ALBERTO PRADA', 'TRASLADO ENTRE CENTROS', '', '2021-02-04 15:03:55', '2021-02-04 15:03:55'),
(40, 2, 'Soloson I', 'ALMACEN', 'ALBERTO PRADA', 'TRASLADO ENTRE CENTROS', '', '2021-02-04 15:35:29', '2021-02-04 15:35:29'),
(41, 1, 'Soloson I', 'ALMACEN', 'ALBERTO PRADA', 'MATERIAL C.K.D. PERTENECIENTE A PRODUCCION', '', '2021-02-04 15:43:00', '2021-02-04 15:43:00'),
(42, 1, 'Soloson I', 'ALMACEN', 'ALBERTO PRADA', 'MATERIAL DE PRODUCCION C.K.D.', '', '2021-02-04 16:58:37', '2021-02-04 16:58:37'),
(43, 1, 'Soloson I', 'ALMACEN', 'ALBERTO PRADA', 'DESPACHO PARA GERENCIA COMERCIAL', '', '2021-02-04 19:05:16', '2021-02-04 19:05:16'),
(44, 2, 'Soloson I', 'ALMACEN', 'ALBERTO PRADA', 'TRASLADO ENTRE CENTROS PARA ATENDER PEDIDOS.', '', '2021-02-04 19:51:50', '2021-02-04 19:51:50'),
(45, 1, 'MOTO SPORT LA ESTRELLA', 'ALMACEN', 'ALBERTO PRADA', 'MATERIAL ENVIADO POR ERROR COMO DEVOLUCION', '', '2021-02-04 21:49:44', '2021-02-04 21:49:44'),
(46, 1, 'DI STACI  MOTORS', 'ALMACEN', 'ALBERTO PRADA', 'POP', '', '2021-02-04 21:57:37', '2021-02-04 21:57:37'),
(47, 1, 'SRA. LUISA CASTRO', 'ALMACEN', 'ALBERTO PRADA', 'CAMBIO POR GARANTIA', '', '2021-02-04 23:21:14', '2021-02-04 23:21:14'),
(48, 1, 'REPRESENTACIONES BRIMPORT', 'TALLER NAUTICA', 'ALBERTO PRADA', 'REPARACION DE EQUIPO CASO S5000051', '', '2021-02-04 23:40:54', '2021-02-04 23:40:54'),
(49, 2, 'Soloson I', 'ALMACEN', 'ALBERTO PRADA', 'TRASLADO ENTRE CENTROS', '', '2021-02-05 15:33:05', '2021-02-05 15:33:05'),
(50, 2, 'Soloson I', 'ALMACEN', 'ALBERTO PRADA', 'TRASLADO ENTRE CENTRO', '', '2021-02-05 17:34:48', '2021-02-05 17:34:48'),
(51, 1, 'BICICLETAS ROMA', 'ALMACEN', 'ALBERTO PRADA', 'MATERIAL DEL CLIENTE', '', '2021-02-05 19:31:52', '2021-02-05 19:31:52'),
(59, 1, 'MOTO SHOP LAS DELICIAS C.A.', 'ALMACEN', 'ALBERTO PRADA', 'POP', '', '2021-02-05 22:54:25', '2021-02-05 22:54:25'),
(60, 2, 'Soloson I', 'ALMACEN', 'ALBERTO PRADA', 'TRASLADO ENTRE CENTROS', '', '2021-02-08 15:55:43', '2021-02-08 15:55:43'),
(61, 1, 'Soloson II', 'ALMACEN', 'ALBERTO PRADA', 'TRASLADO', '', '2021-02-08 16:01:07', '2021-02-08 16:01:07'),
(62, 1, 'Soloson I', 'ALMACEN', 'ALBERTO PRADA', 'TRASLADO PARA TALLER NAUTICO', '', '2021-02-08 22:39:39', '2021-02-08 22:39:39'),
(63, 2, 'Soloson I', 'ALMACEN', 'ALBERTO PRADA', 'TRASLADO ENTRE CENTROS', '', '2021-02-09 15:48:07', '2021-02-09 15:48:07'),
(64, 1, 'MOTOCAR S YOEL C.A.', 'ALMACEN', 'ALBERTO PRADA', 'DESPACHO MATERIAL PROPIEDAD DEL CLIENTE', '', '2021-02-09 16:20:24', '2021-02-09 16:20:24'),
(65, 1, 'Cruz Roja', 'ALMACEN', 'ALBERTO PRADA', 'DESPACHO POR SOLICITADO POR LA SRA. GISELA', '', '2021-02-09 18:36:41', '2021-02-09 18:36:41'),
(66, 1, 'Soloson I', 'ALMACEN', 'ALBERTO PRADA', 'PRODUCCION SEDE PRICIPAL  GERBER GIMENEZ', '', '2021-02-10 00:01:55', '2021-02-10 00:01:55'),
(67, 2, 'Soloson I', 'ALMACEN', 'ALBERTO PRADA', 'TRASLADO ENTRE CENTROS', '', '2021-02-10 15:57:37', '2021-02-10 15:57:37'),
(68, 1, 'MOTO ROOM', 'ALMACEN', 'ALBERTO PRADA', 'POP', '', '2021-02-10 16:15:26', '2021-02-10 16:15:26'),
(69, 1, 'INDUMOTO', 'ALMACEN', 'ALBERTO PRADA', 'MATERIAL DEL CLIENTE, ACCESORIO DEL TRICICLO', '', '2021-02-10 21:12:24', '2021-02-10 21:12:24'),
(70, 1, 'PLACERE`S', 'ALMACEN', 'ALBERTO PRADA', 'PEDIDO PARA SER FACTURADO.', '', '2021-02-10 22:32:48', '2021-02-10 22:32:48'),
(71, 1, 'LUBRICAUCHOS LA GRAN PARADA', 'ALMACEN', 'ALBERTO PRADA', 'MATERIAL POP', '', '2021-02-10 22:47:30', '2021-02-10 22:47:30'),
(72, 2, 'Soloson I', 'ALMACEN', 'ALBERTO PRADA', 'TRASLADO ENTRE CENTROS', '', '2021-02-11 15:43:55', '2021-02-11 15:43:55'),
(74, 1, 'Soloson II', 'ALMACEN', 'ALBERTO PRADA', 'TRASLADO ENTRE CENTRO', '', '2021-02-11 15:54:30', '2021-02-11 15:54:30'),
(75, 1, 'Soloson II', 'ALMACEN', 'ALBERTO PRADA', 'TRASLADO ENTRE CENTRO', '', '2021-02-11 16:01:45', '2021-02-11 16:01:45'),
(76, 2, 'Soloson I', 'ALMACEN', 'ALBERTO PRADA', 'TRASLADO', '', '2021-02-12 15:56:01', '2021-02-12 15:56:01'),
(77, 2, 'Soloson I', 'ALMACEN', 'ALBERTO PRADA', '6100 SYNERGIE 10W40 4X4L', '', '2021-02-12 16:17:02', '2021-02-12 16:17:02'),
(78, 1, 'VALENTINO ZOLLI', 'ALMACEN', 'ALBERTO PRADA', 'MERCANCIA DEBE RETORNAR EL 17/02/2021', '', '2021-02-12 23:36:09', '2021-02-12 23:36:09'),
(79, 1, 'ANALUDA', 'TECNOLOGIA', 'ANALUDA', 'ANALUDA POR FALLA DE SISTEMA JOEL PEREZ', '', '2021-02-17 13:11:08', '2021-02-17 13:11:08'),
(80, 1, 'Soloson II', 'ALMACEN', 'ALBERTO PRADA', 'Traslado', '', '2021-02-17 13:36:26', '2021-02-17 13:36:26'),
(89, 2, 'Soloson I', 'ALMACEN', 'ALBERTO PRADA', 'TRASLADO ENTRE CENTROS', '', '2021-02-18 15:48:02', '2021-02-18 15:48:02'),
(90, 1, 'TIESTIO MOTOS C.A.', 'ALMACEN', 'ALBERTO PRADA', 'DESPACHO MANUAL POR FALLA GENERAL SAAP PEDIDO', '', '2021-02-18 18:37:55', '2021-02-18 18:37:55'),
(91, 1, 'GOBERNACION DEL ESTADO ARAGUA', 'ALMACEN', 'ALBERTO PRADA', 'DESPACHO MANUAL (URGENCIA DE ULTIMA HORA) SABADO', '', '2021-02-18 18:51:09', '2021-02-18 18:51:09'),
(95, 1, 'Soloson I', 'ALMACEN', 'ALBERTO PRADA', 'HERRAMIENTAS NAUTICA POP', '', '2021-02-18 21:20:28', '2021-02-18 21:20:28'),
(110, 1, 'Soloson II', 'Almacen', 'Alberto Prada', NULL, '', '2021-02-19 18:46:34', '2021-02-19 18:46:34'),
(111, 1, 'Soloson II', 'Almacen', 'Alberto Prada', 'Traslado de Mercancia', '', '2021-02-19 18:50:02', '2021-02-19 18:50:02'),
(115, 1, 'Soloson II', 'Almacen', 'Alberto Prada', 'Traslado de Mercancia', '', '2021-02-19 18:58:21', '2021-02-19 18:58:21'),
(116, 2, 'SOLOSON I', 'ANULADA', 'ANULADA', 'TRASLADO DE MERCANCIA', '', '2021-02-22 16:03:21', '2021-02-22 16:03:21'),
(117, 2, 'SOLOSON I', 'ALMACEN', 'EMARTIN', 'TRASLADO DE MERCANCIA PARA COMPLETAR PEDIDOS', '', '2021-02-22 16:07:42', '2021-02-22 16:07:42'),
(118, 1, 'Soloson II', 'ALMACEN', 'ALBERTO PRADA', 'Traslado de Paletas', '', '2021-02-22 16:36:15', '2021-02-22 16:36:15'),
(119, 2, 'Soloson I', 'Almacen', 'Desiree Trujillo', 'Traslado de Mercancia', '', '2021-02-22 17:03:23', '2021-02-22 17:03:23'),
(120, 2, 'Soloson I', 'ANULADA', 'ANULADA', 'Traslado de Mercancia', '', '2021-02-22 17:26:05', '2021-02-22 17:26:05'),
(121, 2, 'Soloson I', 'Almacen', 'Desiree Trujillo', 'Traslado de Mercancía', '', '2021-02-22 17:54:51', '2021-02-22 17:54:51'),
(122, 1, 'SOLOSON IMPORT, C.A.', 'ALMACEN', 'EDMUNDO MARTIN', 'Para ser entregado al Personal COVID19', '', '2021-02-22 23:07:13', '2021-02-22 23:07:13'),
(123, 2, 'SOLOSON I', 'ANULADA', 'ANULADA', 'TRASLADO DE MERCANCIA.', '', '2021-02-23 16:33:01', '2021-02-23 16:33:01'),
(124, 2, 'SOLOSON I', 'ALMACEN', 'EDMUNDO M', 'TRASLADO DE MERCANCIA', '', '2021-02-23 16:40:58', '2021-02-23 16:40:58'),
(125, 2, 'SOLOSON I', 'ALMACEN', 'EDMUNDO M', 'TRASLADO DE MERCANCIA', '', '2021-02-23 16:44:36', '2021-02-23 16:44:36'),
(126, 1, 'SOLOSON IMPORT', 'ALMACEN', 'EDMUNDO MARTIN', 'ENTREGAR AL DPTO DE INGENIERIA', '', '2021-02-23 16:54:33', '2021-02-23 16:54:33'),
(127, 2, 'SOLOSON I', 'ALMACEN', 'DESIREE TRUJILLO', 'TRASLADO DE MERCANCIA', '', '2021-02-23 16:59:17', '2021-02-23 16:59:17'),
(128, 1, 'SOLOSON II', 'ALMACEN', 'DESIREE TRUJILLO', 'TRASLADO DE MERCANCIA', '', '2021-02-23 17:01:23', '2021-02-23 17:01:23'),
(129, 2, 'SOLOSON II', 'ALMACEN', 'DESIREE TRUJILLO', 'TRASLADO DE MERCANCIA', '', '2021-02-23 17:17:54', '2021-02-23 17:17:54'),
(130, 2, 'ICREATIVA PUBLICIDAD YIG', 'ALMACEN', 'MIRELYS DALMAGRO', 'CALIDAD DE PRESTAMO', '', '2021-02-23 19:11:35', '2021-02-23 19:11:35'),
(131, 1, 'SOLOSON II', 'ALMACEN', 'DESIREE TRUJILLO', 'TRASLADO DE MERCANCIA', '', '2021-02-23 23:30:50', '2021-02-23 23:30:50'),
(132, 2, 'SOLOSON I', 'ALMACEN', 'EMARTIN', 'TRASLADO DE MERCANCIA', '', '2021-02-24 16:05:21', '2021-02-24 16:05:21'),
(133, 1, 'SOLOSON IMPORT', 'ALMACEN', 'EMARTIN', 'PARA SER ENTREGADO A JONATHAN FLORES', '', '2021-02-24 20:03:59', '2021-02-24 20:03:59'),
(134, 1, 'ANULADA', 'ANULADA', 'ANULADA', 'ANULADA POR ERROR EN DUPLICIDAD CON LA NOTA 133', '', '2021-02-24 20:05:29', '2021-02-24 20:05:29'),
(135, 2, 'Soloson I', 'Almacén', 'Edmundo M', 'Traslado de Mercancía', '', '2021-02-25 00:12:02', '2021-02-25 00:12:02'),
(136, 2, 'SOLOSON I', 'ALMACEN', 'EDMUNDO MARTIN', 'TRASLADO DE MERCANCIA', '', '2021-02-25 00:27:02', '2021-02-25 00:27:02'),
(137, 1, 'ROYAL CHOPPER, C.A.', 'ALMACEN', 'DESIREE TRUJILLO', 'CAMBIO POR GARANTIA CASO C-1435', '', '2021-02-25 17:57:35', '2021-02-25 17:57:35'),
(138, 1, 'ROYAL CHOPPER, C.A.', 'ALMACEN', 'DESIREE TRUJILLO', 'RECLAMO NO PROSPERA CASO C-1435', '', '2021-02-25 18:05:13', '2021-02-25 18:05:13'),
(139, 1, 'MOTO REPUESTOS L5, C.A.', 'ALMACEN', 'DESIREE TRUJILLO', 'CAMBIO DE MERCANCIA DEFECTUOSA 1 CAJA CASO C1457', '', '2021-02-25 18:12:04', '2021-02-25 18:12:04'),
(140, 2, 'SOLOSON I', 'ALMACEN', 'EDMUNDO MARTIN', 'TRASLADO DE MERCANCIA', '', '2021-02-25 18:25:36', '2021-02-25 18:25:36'),
(141, 1, 'SOLOSON IMPORT', 'ALMACEN REPUESTO', 'MIRELYS DALMAGRO', 'SOLICITADO POR GERBE JIMENEZ', '', '2021-02-25 23:10:41', '2021-02-25 23:10:41'),
(142, 1, 'VALENTINO ZOLLI', 'ALMACEN', 'EDMUNDO MARTIN', 'PARA SER ENTREGADO AL SR VALENTINO ZOLLI', '', '2021-02-25 23:58:04', '2021-02-25 23:58:04'),
(143, 2, 'SOLOSON I', 'ALMACEN', 'EDMUNDO MARTIN', 'TRASLADO DE MERCANCIA', '', '2021-02-26 00:01:11', '2021-02-26 00:01:11'),
(144, 2, 'SOLOSON I', 'ALMACEN', 'EDMUNDO MARTIN', 'SEMINARIO MOTUL', '', '2021-02-26 00:29:29', '2021-02-26 00:29:29'),
(145, 2, 'SOLOSON  I', 'ALMACEN', 'EDMUNDO MARTIN', 'TRASLADO DE MERCANCIA', '', '2021-02-26 15:33:50', '2021-02-26 15:33:50'),
(146, 2, 'SOLOSN I', 'ALMACEN', 'EDMUNDO MARTIN', 'TRASLADO DE MERCANCIA', '', '2021-02-26 15:35:16', '2021-02-26 15:35:16'),
(147, 2, 'SOLOSON I', 'ALMACEN', 'DESIREE TRUJILLO', 'TRASLADO DE MERCANCIA', '', '2021-02-26 15:48:50', '2021-02-26 15:48:50'),
(148, 1, 'SOLOSON IMPORT, C.A.', 'ALMACEN', 'DESIREE TRUJILLO', 'SEMINARIO MOTUL', '', '2021-02-26 16:31:00', '2021-02-26 16:31:00'),
(149, 1, 'BIXIAGRO, C.A.', 'ALMACEN', 'DESIREE TRUJILLO', 'MATERIAL POP', '', '2021-02-26 16:35:56', '2021-02-26 16:35:56'),
(150, 1, 'S.T.D, C.A.', 'ALMACEN', 'DESIREE TRUJILLO', 'MATERIAL POP', '', '2021-02-26 16:42:52', '2021-02-26 16:42:52'),
(151, 1, 'ANULADA', 'ANULADA', 'ANULADA', 'ANAULACION DE NOTA DE ENTREGA POR DESCRIPCION ERRA', '', '2021-02-26 18:22:50', '2021-02-26 18:22:50'),
(152, 1, 'SOLOSON IMPORT, C.A.', 'ALMACEN', 'DESIREE TRUJILLO', 'DESPACHAR A SERVICIO TECNICO, CLIENTE SOLMOTOS', '', '2021-02-26 18:40:22', '2021-02-26 18:40:22'),
(153, 1, 'SOLOSON IMPORT, C.A.', 'ALMACEN', 'DESIREE TRUJILLO', 'SEMINARIO MOTUL', '', '2021-02-26 18:49:17', '2021-02-26 18:49:17'),
(154, 1, 'SOLOSON IMPORT', 'ALMACEN', 'EDMUNDO MARTIN', 'MERCANCIA PARA SUBIR A OFICINA MIRELYS', '', '2021-02-26 22:33:36', '2021-02-26 22:33:36'),
(155, 1, 'SOLOSON IMPORT', 'ALMACEN', 'EDMUNDO MARTIN', 'ENTREGAR A GERENCIA COMERCIAL', '', '2021-02-27 00:26:08', '2021-02-27 00:26:08'),
(156, 1, 'SOLOSON IMPORT', 'ALMACEN', 'EDMUNDO MARTIN', 'ENTREGAR A GERENCIA COMERCIAL', '', '2021-02-27 00:38:49', '2021-02-27 00:38:49'),
(157, 1, 'SOLOSON IMPORT', 'ALMACEN', 'EDMUNDO MARTIN', 'ENTREGAR A GERENCIA COMERCIAL', '', '2021-02-27 00:47:18', '2021-02-27 00:47:18'),
(158, 2, 'SOLOSON 1', 'ALMACEN', 'EDMUNDO MARTIN', 'TRASLADO DE MERCANCIA', '', '2021-03-01 15:51:20', '2021-03-01 15:51:20'),
(159, 2, 'SOLOSON I', 'ALMACEN', 'EDMUNDO MARTIN', 'TRASLADO DE MERCANCIA', '', '2021-03-01 16:18:32', '2021-03-01 16:18:32'),
(160, 1, 'SOLOSON IMPORT', 'ALMACEN', 'ALBERTO PRADA', 'ENTREGAR A GERENCIA COMERCIAL', '', '2021-03-01 22:24:14', '2021-03-01 22:24:14'),
(161, 1, 'SOLOSONIMPORT', 'ALMACEN', 'ALBERTO PRADA', 'ENTREGAR A GERENCIA COMERCIAL', '', '2021-03-02 00:03:07', '2021-03-02 00:03:07'),
(162, 1, 'MARICHE 2509', 'ALMACEN', 'PRADA ALBERTO', 'POP', '', '2021-03-02 16:29:05', '2021-03-02 16:29:05'),
(163, 1, 'SOLOSON IMPORT', 'ALMACEN', 'ALBERTO PRADA', 'ENTREGAR A GERENCIA COMERCIAL SEMINARIO MOTUL', '', '2021-03-02 19:15:28', '2021-03-02 19:15:28'),
(164, 1, 'SOLOSON IMPORT', 'ALMACEN', 'ALBERTO PRADA', 'DESPACHO PARA GERENCIS DE RRHH', '', '2021-03-02 23:12:42', '2021-03-02 23:12:42'),
(165, 1, 'SR. VALENTINO ZOLLI', 'ALMACEN', 'ALBERTO PRADA', 'DESPACHO SOLICITADO POR LA GERENCIA COMERCIAL', '', '2021-03-03 00:20:24', '2021-03-03 00:20:24'),
(166, 2, 'SOLOSON I', 'ALMACEN', 'DESIREE TRUJILLO', 'TRASLADO DE MERCANCIA', '', '2021-03-03 16:03:11', '2021-03-03 16:03:11'),
(167, 1, 'SOLOSON II', 'ALMACEN', 'DESIREE TRUJILLO', 'TRASLADO DE MERCANCIA', '', '2021-03-03 16:06:40', '2021-03-03 16:06:40'),
(168, 2, 'SOLOSON IMPORT, C.A.', 'ALMACEN', 'DESIREE TRUJILLO', 'TRASLADO DE MERCANCIA', '', '2021-03-03 17:57:06', '2021-03-03 17:57:06'),
(169, 1, 'Soloson I', 'ALMACEN', 'ALBERTO PRADA', 'DESPACHAR SERVICIO TECNICO', '', '2021-03-03 19:10:48', '2021-03-03 19:10:48'),
(170, 1, 'MARICHE AUTOPARTES C.A.', 'ALMACEN', 'ALBERTO PRADA', 'POP', '', '2021-03-03 19:14:21', '2021-03-03 19:14:21'),
(171, 2, 'Soloson Import, C.A.', 'ALMACEN', 'ALBERTO PRADA', 'TRASLADO DE MERCANCIA', '', '2021-03-04 15:57:46', '2021-03-04 15:57:46'),
(172, 2, 'SOLOSON IMPORT, C.A', 'ALMACEN', 'ALBERTO PRADA', 'TRASLADO DE MERCANCIA', '', '2021-03-04 16:25:43', '2021-03-04 16:25:43'),
(173, 2, 'SOLOSON IMPORT, C.A.', 'ALMACEN', 'ALBERTO PRADA', 'TRASLADO DE MERCANCIA', '', '2021-03-04 16:27:55', '2021-03-04 16:27:55'),
(174, 1, 'SOLOSON IMPORT, C.A.', 'ALMACEN', 'DESIREE TRUJILLO', 'ENTREGAR A GERENCIA COMERCIAL', '', '2021-03-04 17:16:34', '2021-03-04 17:16:34'),
(175, 1, 'Mototap', 'tecnologia', NULL, 'MONITOR', NULL, '2021-03-04 21:34:13', '2021-03-04 21:34:13'),
(185, 2, 'SOLOSON IMPORT, C.A.', 'ALMACEN', 'DESIREE TRUJILLO', 'TRASLADO DE MERCANCIA', NULL, '2021-03-05 16:21:23', '2021-03-05 16:21:23'),
(186, 2, 'SOLOSON IMPORT, C.A.', 'ALMACEN', 'DESIREE TRUJILLO', 'TRASLADO DE MERCANCIA', NULL, '2021-03-05 16:24:01', '2021-03-05 16:24:01'),
(187, 2, 'SOLOSON IMPORT, C.A.', 'ALMACEN', 'DESIREE TRUJILLO', 'TRASLADO DE MERCANCIA', NULL, '2021-03-05 16:35:40', '2021-03-05 16:35:40'),
(188, 1, 'INVERSIONES VENCAPARTS, C.A.', 'ALMACEN', 'DESIREE TRUJILLO', 'CASO C-1454, SE REALIZO CAMBIO DE ASIENTO', NULL, '2021-03-05 17:30:21', '2021-03-05 17:30:21'),
(189, 2, 'SOLOSON IMPORT, C.A.', 'ALMACEN', 'DESIREE TRUJILLO', 'SOLICITADO POR EL DEPARTAMENTO DE PRODUCCION', NULL, '2021-03-05 18:22:07', '2021-03-05 18:22:07'),
(190, 1, 'VIOLETA SANSANO', 'ALMACEN', 'DESIREE TRUJILLO', 'ENTREGAR A JONATHAN FLORES', NULL, '2021-03-05 19:38:43', '2021-03-05 19:38:43'),
(191, 1, 'SOLOSON IMPORT, C.A.', 'ALMACEN', 'DESIREE TRUJILLO', 'TRASLADO DE MERCANCIA', NULL, '2021-03-05 21:03:00', '2021-03-05 21:03:00'),
(192, 1, 'Soloson II', 'ALMACEN', 'ALBERTO PRADA', 'TRASLADO', NULL, '2021-03-08 16:29:58', '2021-03-08 16:29:58'),
(193, 2, 'Soloson I', 'ALMACEN', 'ALBERTO PRADA', 'TRASLADO', NULL, '2021-03-08 16:45:36', '2021-03-08 16:45:36'),
(197, 2, 'Soloson I', 'ALMACEN', 'ALBERTO PRADA', 'TRASLADO', NULL, '2021-03-09 15:59:36', '2021-03-09 15:59:36'),
(198, 2, 'Soloson I', 'ALMACEN', 'ALBERTO PRADA', 'TRASLADO', NULL, '2021-03-09 16:11:29', '2021-03-09 16:11:29'),
(199, 1, 'LUIS MANRIQUE', 'ALMACEN', 'DESIREE TRUJILLO', 'MATERIAL USADO PARA INDUCCION NAUTICA', NULL, '2021-03-09 22:40:08', '2021-03-09 22:40:08'),
(200, 2, 'SOLOSON IMPORT, C.A.', 'ALMACEN', 'DESIREE TRUJILLO', 'PARA SER ENTREGADO A DPTO DISEÑO', NULL, '2021-03-09 23:09:42', '2021-03-09 23:09:42'),
(207, 2, 'SOLOSON IMPORT, C.A.', 'ALMACEN', 'EDMUNDO MARTIN', 'TRASLADO DE MERCANCIA', NULL, '2021-03-10 16:24:57', '2021-03-10 16:24:57'),
(208, 2, 'SOLOSON IMPORT, C.A.', 'ALMACEN', 'EDMUNDO MARTIN', 'TRASLADO DE MERCANCIA', NULL, '2021-03-10 16:41:18', '2021-03-10 16:41:18'),
(209, 2, 'SOLOSON IMPORT, C.A.', 'ALMACEN', 'EDMUNDO MARTIN', 'TRASLADO DE MERCANCIA', NULL, '2021-03-10 16:43:50', '2021-03-10 16:43:50'),
(210, 1, 'SOLOSON IMPORT, C.A.', 'ALMACEN', 'EDMUNDO MARTIN', 'TRASLADO DE MERCANCIA', NULL, '2021-03-10 16:49:46', '2021-03-10 16:49:46'),
(211, 1, 'MIRELYS DALMAGRO', 'COMERCIALIZACION', 'EDMUNDO MARTIN', 'MATERIAL SOLICIATDO POR LA SRA LUISA CASTRO', NULL, '2021-03-10 18:13:00', '2021-03-10 18:13:00'),
(212, 2, 'SOLOSON I', 'ALMACEN', 'EDMUNDO MARTIN', 'TRASLADO DE MERCANCIA', NULL, '2021-03-10 19:18:53', '2021-03-10 19:18:53'),
(213, 1, 'VALENTINO ZOLII', 'ALMACEN', 'EDMUNDO MARTIN', 'MERCANCIA PARA SER DESPACHADA AL SR RUBEN ESPARCHE', NULL, '2021-03-10 20:13:34', '2021-03-10 20:13:34'),
(214, 2, 'SOLOSON I', 'ALMACEN', 'EDMUNDO MARTIN', 'TRASLADO DE MERCANCIA', NULL, '2021-03-11 15:29:49', '2021-03-11 15:29:49'),
(216, 2, 'SOLOSON I', 'ALMACEN', 'EDMUNDO MARTIN', 'TRASLADO DE MERCANCIA', NULL, '2021-03-11 15:47:08', '2021-03-11 15:47:08'),
(217, 2, 'SOLOSON IMPORT, C.A.', 'ALMACEN', 'DESIREE TRUJILLO', 'TRASLADO DE MERCANCIA', NULL, '2021-03-11 16:05:30', '2021-03-11 16:05:30'),
(218, 2, 'SOLOSON 1', 'ALMACEN', 'EDMUNDO MARTIN', 'TRASLADO DE MERCANCIA', NULL, '2021-03-11 18:44:33', '2021-03-11 18:44:33'),
(219, 2, 'SOLOSON I', 'ALMACEN', 'EDMUNDO MARTIN', 'TRASLADO DE MERCANCIA', NULL, '2021-03-11 18:50:49', '2021-03-11 18:50:49'),
(220, 1, 'SOLOSON IMPORT', 'ALMACEN', 'DESIREE TRUJILLO', 'DESPACHAR A MARISOL MARQUEZ', NULL, '2021-03-11 22:52:44', '2021-03-11 22:52:44'),
(221, 1, 'INVERSIONES JUDAVID, C.A.', 'ALMACEN', 'ALBERTO PRADA', 'Cambio de Mercancia ver correo anexo', NULL, '2021-03-11 23:01:23', '2021-03-11 23:01:23'),
(222, 1, 'VALENTINO ZOLLI', 'ALMACEN', 'DESIREE TRUJILLO', 'DESPACHAR A MOTOTAP, VENDEDOR ORIENTE', NULL, '2021-03-11 23:45:52', '2021-03-11 23:45:52'),
(223, 1, 'ANTONIO IRIZAR CRESPO', 'ALMACEN', 'ALBERTO PRADA', 'DESPACHO URGENTE PEDIDO 4220', NULL, '2021-03-12 00:46:29', '2021-03-12 00:46:29'),
(224, 2, 'SOLOSON IMPORT, C.A.', 'ALMACEN', 'DESIREE TRUJILLO', 'TRASLADO DE MERCANCIA', NULL, '2021-03-12 16:14:01', '2021-03-12 16:14:01'),
(225, 1, 'Soloson Servicio técnico', 'ALMACEN', 'ALBERTO PRADA', 'DESPACHO URGENTE CASO P20765', NULL, '2021-03-12 17:50:36', '2021-03-12 17:50:36'),
(226, 1, 'Soloson Servicio Técnico', 'ALMACEN', 'ALBERTO PRADA', 'DESPACHO POR UNIDAD CASO AB TRADING', NULL, '2021-03-12 19:07:30', '2021-03-12 19:07:30'),
(227, 1, 'TECNISIS 2112', 'ALMACEN', 'ALBERTO PRADA', 'CASO TECNISIS REPOSICION FACTURA 2679 SOLOIL', NULL, '2021-03-12 23:54:34', '2021-03-12 23:54:34'),
(228, 1, 'BRANDO MANUEL', 'ALMACEN', 'ALBERTO PRADA', 'DESPACHO URGENTE AUTORIZADO POR MIRELYS CASO P4448', NULL, '2021-03-13 18:35:30', '2021-03-13 18:35:30'),
(229, 1, 'MIRELYS DALMAGRO', 'ALMACEN', 'ALBERTO PRADA', 'FACTURAR', NULL, '2021-03-13 23:23:28', '2021-03-13 23:23:28'),
(232, 2, 'Soloson I', 'ALMACEN', 'ALBERTO PRADA', 'TRASLADO MERCANCIA', NULL, '2021-03-15 16:21:55', '2021-03-15 16:21:55'),
(233, 2, 'Soloson I', 'ALMACEN', 'ALBERTO PRADA', 'TRASLADO ENTRE CENTRO', NULL, '2021-03-16 15:46:10', '2021-03-16 15:46:10'),
(234, 2, 'Soloson I', 'ALMACEN', 'ALBERTO PRADA', 'TRASLADO ENTRE CENTROS', NULL, '2021-03-16 15:59:29', '2021-03-16 15:59:29'),
(235, 2, 'Soloson I', 'ALMACEN', 'ALBERTO PRADA', 'TRASLADO ENTRE CENTROS', NULL, '2021-03-16 16:06:02', '2021-03-16 16:06:02'),
(236, 2, 'soloson I', 'ALMACEN', 'ALBERTO PRADA', 'TRASLADO', NULL, '2021-03-17 16:02:29', '2021-03-17 16:02:29'),
(237, 1, 'MIRELYS DALMAGRO', 'ALMACEN', 'ALBERTO PRADA', 'MERCANCIA DEBE RETORNAR AL ALMACEN', NULL, '2021-03-17 17:12:53', '2021-03-17 17:12:53'),
(238, 1, 'MOTORQUE, C.A.', 'ALMACEN', 'ALBERTO PRADA', 'SOLICITUD DEL CLIENTE', NULL, '2021-03-18 00:52:42', '2021-03-18 00:52:42'),
(239, 1, 'SR. VALENTINO ZOLLI', 'ALMACEN', 'ALBERTO PRADA', 'PEDIDO DEL SR. VALENTINO', NULL, '2021-03-18 01:24:59', '2021-03-18 01:24:59'),
(240, 2, 'SOLOSON I', 'ALMACEN', 'EDMUNDO MARTIN', 'TRASLADO DE MERCANCIA', NULL, '2021-03-18 15:16:07', '2021-03-18 15:16:07'),
(244, 2, 'Soloson 1', 'ALMACEN', 'EDMUNDO MARTIN', 'TRASLADO DE MERCANCIA', NULL, '2021-03-18 15:27:56', '2021-03-18 15:27:56'),
(245, 2, 'Soloson I', 'ALMACEN', 'EDMUNDO MARTIN', 'TRASLADO DE MERCANCIA', NULL, '2021-03-18 15:33:02', '2021-03-18 15:33:02'),
(246, 1, 'Soloson I', 'ALMACEN', 'EDMUNDO MARTIN', 'TRASLADO INTERNO ENTRE ALMACEN E INGIENERIA', NULL, '2021-03-18 15:55:48', '2021-03-18 15:55:48'),
(253, 2, 'Soloson I', 'ALMACEN', 'ALBERTO PRADA', 'TRASLADO ENTRE CENTROS', NULL, '2021-03-19 17:45:05', '2021-03-19 17:45:05'),
(254, 2, 'ANULADA', 'ALMACEN', 'ALBERTO PRADA', 'ANUALCION SOLICITADA POR DESIREE tRUJILLO VIA CORR', NULL, '2021-03-19 17:55:20', '2021-03-19 17:55:20'),
(255, 1, 'Soloson I RRHH', 'ALMACEN', 'ALBERTO PRADA', 'SOLITUD DE RRHH., CORREO ANEXO', NULL, '2021-03-19 22:53:51', '2021-03-19 22:53:51'),
(256, 1, 'YEIFRE CAROLINA GUZMAN', 'ALMACEN', 'ALBERTO PRADA', 'DESPACHO PEDIDO 4687', NULL, '2021-03-20 00:43:50', '2021-03-20 00:43:50'),
(261, 2, 'SOLOSON I', 'ALMACEN', 'ALBERTO PRADA', 'TRASLADO ENTRE CENTROS', NULL, '2021-03-22 16:41:30', NULL),
(262, 2, 'BEREVIC', 'ALMACEN', 'ALBERTO PRADA', 'DESPACHO UNIDADES SUELTAS', NULL, '2021-03-22 20:07:51', '2021-03-22 20:07:52'),
(263, 1, 'MOTOTAP', 'TECNOLOGIA', 'GUSTAVO NOUEL', 'DEVOLUCION DE TECLADOS DAÑADOS', NULL, '2021-03-23 14:06:48', '2021-03-23 14:06:49'),
(264, 1, 'SOLOSON I INGENIERIA Y PROYECTO', 'ALMACEN', 'ALBERTO PRADA', 'EXHIBIDOR PARA MODIFICAR', NULL, '2021-03-24 12:40:32', '2021-03-24 12:40:33'),
(265, 1, 'SUPLIDORA VKV', 'ALMACEN', 'ALBERTO PRADA', 'DESPACHO POP', NULL, '2021-03-24 12:55:05', '2021-03-24 12:55:05'),
(266, 2, 'SOLOSON I', 'ALMACEN', 'ALBERTO PRADA', 'TRANSLADO ENTRE CENTROS', NULL, '2021-03-24 13:54:19', '2021-03-24 13:54:20'),
(267, 1, 'SOLOSON II', 'TECNOLOGIA', 'JOEL PEREZ', 'ENVIO DE RADIOS ENMANUEL DA SILVA', NULL, '2021-03-24 18:13:06', '2021-03-24 18:13:07'),
(268, 1, 'SOLOSON II', 'ALMACEN', 'ALBERTO PRADA', 'TRASPASO ENTRE CENTRO  POP', NULL, '2021-03-25 11:17:28', '2021-03-25 11:17:29'),
(269, 2, 'SOLOSON I', 'ALMACEN', 'ALBERTO PRADA', 'TRASLADO MERCANCIA', NULL, '2021-03-25 13:31:41', '2021-03-25 13:31:42'),
(270, 1, 'SOLOSON I', 'ALMACEN', 'ALBERTO PRADA', 'TRASLADO', NULL, '2021-03-25 13:47:33', '2021-03-25 13:47:34'),
(271, 1, 'ABCON CONSULTORES', 'ALMACEN', 'ALBERTO PRADA', 'CASO C-1463', NULL, '2021-03-25 16:05:51', '2021-03-25 16:05:52'),
(272, 1, 'SOLOSON II', 'TECNOLOGIA', 'GUSTAVO NOUEL', 'TRANSLADO DE DOMO  PARA GALPON 1', NULL, '2021-03-25 17:42:05', '2021-03-25 17:42:06'),
(273, 2, 'SOLOSON i', 'ALMACEN', 'ALBERTO PRADA', 'TRASLADO ENTRE CENTROS', NULL, '2021-03-26 12:52:23', '2021-03-26 12:52:25'),
(287, 1, 'SOLOSON I RRHH', 'ALMACEN', 'ALBERTO PRADA', 'DESPACHO A LA GERENCIA DE RRHH', NULL, '2021-03-26 17:56:53', '2021-03-26 17:56:55'),
(297, 2, 'SOLOSON II', 'ALMACEN', 'EDMUNDO MARTIN', 'TRASLADO DE MERCANCIA', NULL, '2021-03-29 13:04:38', '2021-03-29 13:04:42'),
(298, 1, 'SOLOSON II', 'ALMACEN', 'ALBERTO PRADA', 'TRASLADO ENTRE CENTROS', NULL, '2021-03-29 15:08:43', '2021-03-29 15:08:46'),
(299, 1, 'SOLOSON II', 'ALMACEN', 'ALBERTO PRADA', 'TRASLADO ENTRE CENTROS', NULL, '2021-03-29 15:08:23', '2021-03-29 15:08:25'),
(300, 1, 'SOLOSON  II', 'ALMACEN', 'ALBERTO PRADA', 'TRASLADO ENTRE  CENTROS', NULL, '2021-03-29 15:14:08', '2021-03-29 15:14:21'),
(301, 1, 'SOLOSON II', 'ALMACEN', 'ALBERTO PRADA', 'TRASLADO ENTRE CEBTROS', NULL, '2021-03-29 16:21:42', '2021-03-29 16:21:43'),
(302, 2, 'SOLOSON I', 'ALMACEN', 'ALBERTO PRADA', 'TRASLADO ENTRE CENTROS', NULL, '2021-03-30 13:36:56', '2021-03-30 13:36:58'),
(303, 1, 'MOTO CAR IMPORT', 'ALMACEN', 'ALBERTO PRADA', 'PEDIDO URGENTE LUCRECIA ULTIMA HORA', NULL, '2021-03-30 15:39:56', '2021-03-30 15:39:58'),
(304, 1, 'SOLOSON RRHH', 'ALMACEN', 'ALBERTO PRADA', 'DESPACHO SOLISITADOI POR GERENCIA DE RRHH', NULL, '2021-03-30 17:44:07', '2021-03-30 17:44:08'),
(306, 1, 'ANULADA', 'ANALUDA', 'ANULADA', 'ANULADA', NULL, '2021-04-05 02:30:32', '2021-04-05 02:30:32'),
(307, 1, 'ANULADA', 'ANALUDA', 'ANULADA', 'ANULADA', NULL, '2021-04-05 02:30:32', '2021-04-05 02:30:32'),
(308, 2, 'Soloson I', 'ALMACEN', 'ALBERTO PRADA', 'TRANFERENCIA ENTRE CENTROS', NULL, '2021-04-05 16:30:21', '2021-04-05 16:30:21'),
(310, 1, 'Distribuidora Mototap', 'dpto. de Informàtica y telecomunicaciones', 'Gustavo Nouel', NULL, NULL, '2021-04-05 20:30:35', '2021-04-05 20:30:35'),
(311, 1, 'INVERSIONES JUDAVID, C.A.', 'ALMACEN', 'DESIREE TRUJILLO', 'PEDIDO 4000005192', NULL, '2021-04-05 21:46:15', '2021-04-05 21:46:15'),
(312, 1, 'MULTISERVICIOS Y VENTAS FUTUR 2020, C.A.', 'ALMACEN', 'DESIREE TRUJILLO', 'PEDIDO 4000005195', NULL, '2021-04-05 21:48:19', '2021-04-05 21:48:19'),
(313, 1, 'INVERSIONES JUDAVID, C.A.', 'ALMACEN', 'DESIREE TRUJILLO', 'MERCANCIA FALTANTE', NULL, '2021-04-05 22:20:04', '2021-04-05 22:20:04'),
(314, 2, 'SOLOSON I', 'ALAMCEN', 'EDMUNDO MARTIN', 'TRASLADO DE MERCANCIA', NULL, '2021-04-06 16:18:24', '2021-04-06 16:18:24'),
(315, 2, 'MULTISERVICIOS FUTUR 2020', 'ALMACEN', 'ALBERTO PRADA', 'DESPACHO DIRCTO AL CLIENTE', NULL, '2021-04-06 23:16:07', '2021-04-06 23:16:07'),
(316, 1, 'MULTISERVICIOS FUTUR 2020', 'ALMACEN', 'ALBERTO PRADA', 'DESPACHO CLIENTE', NULL, '2021-04-06 23:49:25', '2021-04-06 23:49:25'),
(317, 2, 'Soloson1', 'ALMACEN', 'EDMUNDO MARTIN', 'TRASLADO DE MERCANCIA', NULL, '2021-04-07 15:51:56', '2021-04-07 15:51:56'),
(318, 2, 'Soloson II', 'Almacen', 'Edmundo Martin', 'Traslado de Mercancia', NULL, '2021-04-07 16:39:17', '2021-04-07 16:39:17'),
(319, 1, 'BICICLETAS ROMA SRL', 'ALMACEN', 'DESIREE TRUJILLO', 'ATENDER CASO C-1497', NULL, '2021-04-07 17:51:27', '2021-04-07 17:51:27'),
(324, 2, 'Soloson II', 'Almacen', 'Edmundo Martin', 'Traslado de Mercancia', NULL, '2021-04-08 15:45:00', '2021-04-08 15:45:00'),
(325, 2, 'Soloson I', 'Almacen', 'Edmundo Martin', 'TRASLADO DE MATERIAL', NULL, '2021-04-08 16:44:19', '2021-04-08 16:44:19'),
(326, 1, 'INVERSIONES ASIS VII', 'ALMACEN', 'EDMUNDO MARTIN', 'PARA SER ENTREGADO AL SR HERNAN RAUSEO', NULL, '2021-04-08 18:29:09', '2021-04-08 18:29:09'),
(327, 1, 'Valentino Zolli', NULL, 'Gustavo Nouel', NULL, NULL, '2021-04-08 18:44:47', '2021-04-08 18:44:47'),
(328, 2, 'Soloson II', 'Almacen', 'Edmundo Martin', 'Traslado de Mercancia', NULL, '2021-04-09 15:32:16', '2021-04-09 15:32:16'),
(329, 2, 'Soloson II', 'Almacen', 'Edmundo Martin', 'Traslado de Mercancia', NULL, '2021-04-09 15:35:21', '2021-04-09 15:35:21'),
(330, 2, 'Soloson I', 'ALMACEN', 'ALBERTO PRADA', 'TRASLADO ENTRE CENTROS', NULL, '2021-04-12 16:17:01', '2021-04-12 16:17:01'),
(332, 1, 'FUNDAFARMACIA', 'ALMACEN', 'EDMUNDO MARTIN', 'PARA SER DESPACHADO A FUNDAFARMACIA', NULL, '2021-04-12 17:50:31', '2021-04-12 17:50:31'),
(333, 1, 'MOTO REPUESTOS URUVEN, C.A.', 'ALMACEN', 'DESIREE TRUJILLO', 'ATENDER CASO C-1479  (PILA EN BUEN ESTADO)', NULL, '2021-04-13 16:42:44', '2021-04-13 16:42:44'),
(334, 1, 'Ingieneria', 'Almacen', 'Edmundo Martin', 'MATERIAL SOLICITADO  PARA  ILUMINACION DE PLANTA', NULL, '2021-04-13 18:36:05', '2021-04-13 18:36:05'),
(335, 1, 'Distribuidora Mototap', 'Sistema', 'Gustavo Nouel', NULL, NULL, '2021-04-13 19:21:29', '2021-04-13 19:21:29'),
(336, 1, 'MULTISERVICIOS Y VENTAS FUTUR 2020', 'ALMACEN', 'DESIREE TRUJILLO', 'FALTANTE DE DESPACHO FACT. 391893', NULL, '2021-04-13 21:57:53', '2021-04-13 21:57:53'),
(337, 1, 'INVERSIONES BRANDO MANUEL, C.A.', 'ALMACEN', 'DESIREE TRUJILLO', 'ATENDER CASO A688 BATERIA EN BUEN ESTADO', NULL, '2021-04-13 22:10:03', '2021-04-13 22:10:03'),
(338, 1, 'ingeniera', 'Almacén', 'Edmundo Martin', 'Iluminación de la Planta', NULL, '2021-04-13 22:36:21', '2021-04-13 22:36:21'),
(339, 2, 'FUNDAFARMACIA', 'ALMACEN', 'ALBERTO PRADA', 'DESPACHO DIRECTO AL CLIENTE', NULL, '2021-04-14 16:41:23', '2021-04-14 16:41:23'),
(340, 1, 'ANULADA', 'ANULADA', 'ANULADA', 'ANULADA', NULL, '2021-04-14 18:30:02', '2021-04-14 18:30:02'),
(351, 1, 'ANULA-VALIDACION', 'TECNOLOGIA', 'JOEL PEREZ', 'TRANSACION POR VALIDACION EN LA APLIACCION', NULL, '2021-04-14 19:06:58', '2021-04-14 19:06:58'),
(352, 1, 'ANULADO', 'ALMACEN', 'ANULADO', 'ANULADO', NULL, '2021-04-14 19:21:49', '2021-04-14 19:21:49'),
(354, 1, 'DISEÑO GRAFICO', 'ALMACEN', 'DESIREE TRUJILLO', 'SOLICITADO POR GERENCIA COMERCIAL', NULL, '2021-04-14 19:36:47', '2021-04-14 19:36:47'),
(355, 1, 'SERVICIOS TECNISIS 2112', 'ALMACEN', 'ALBERTO PRADA', 'COMPLEMENTO DE LA FACTURA 1000391867', NULL, '2021-04-15 15:15:00', '2021-04-15 15:15:00'),
(356, 1, 'MOTO CHEVERE 46, C.A', 'ALMACEN', 'DESIREE TRUJILLO', 'ATENDER CASO C-1502. FACT. 1000391639.', NULL, '2021-04-15 18:50:22', '2021-04-15 18:50:22'),
(357, 2, 'Soloson I', 'Almacen', 'Edmundo Martin', 'Traslado de Mercancía', NULL, '2021-04-16 15:45:27', '2021-04-16 15:45:27'),
(358, 1, 'BEREVIC', 'ALMACEN', 'ALBERTO PRADA', 'DESPACHO POP', NULL, '2021-04-16 21:44:11', '2021-04-16 21:44:11'),
(359, 1, 'CAMPI FERRETERIA', 'ALMACEN', 'ALBERTO PRADA', 'DESPACHO A CLIENTE PERTENECIENTE A LA FACTURA 1000', NULL, '2021-04-20 19:41:58', '2021-04-20 19:41:58'),
(360, 1, 'SOLOSON II', 'ALMACEN', 'ALBERTO PRADA', 'TRASLADO POP PARA USO INTERNO', '1', '2021-04-21 11:50:23', '2021-04-21 11:50:24'),
(371, 1, 'Jhonny Rojas', 'Sistema', 'Gustavo Nouel', 'LAPTO DE TRABAJO', NULL, '2021-04-21 23:25:40', '2021-04-21 23:25:40'),
(372, 1, 'INVERSIONES 767421, C.A.', 'ALMACEN', 'DESIREE TRUJILLO', 'PARA TRILLADORA XS1350-010RE DIESEL SOLPOWER', NULL, '2021-04-22 18:52:22', '2021-04-22 18:52:22'),
(373, 1, 'MOTO PARTES MICLA', 'ALMACEN', 'ALBERTO PRADA', 'MATERIAL PERTENECIENTE A LA FACTURA  1000392146', NULL, '2021-04-22 22:26:52', '2021-04-22 22:26:52'),
(374, 1, 'SERVICIOS TECNICOS TECNISIS 2112, C.A.', 'ALMACEN', 'DESIREE TRUJILLO', 'MATERIAL POP', NULL, '2021-04-22 23:52:17', '2021-04-22 23:52:17'),
(392, 1, 'Mototap', 'Sistema', 'Gustavo Nouel', NULL, NULL, '2021-04-26 22:42:14', '2021-04-26 22:42:14'),
(399, 1, 'Mototap', 'Tecnologia', 'Gustavo NOuel', 'Envio a Mototap para el Sr Victor Salazar', NULL, '2021-04-26 23:03:01', '2021-04-26 23:03:01'),
(400, 1, 'VALENTINO ZOLLI', 'ALMACEN', 'DESIREE TRUJILLO', 'CLEINTE FINAL CARSON ZUFALL', NULL, '2021-04-27 19:10:45', '2021-04-27 19:10:45'),
(401, 1, 'Yoli Falcon', 'Sistema', 'Gustavo Nouel', NULL, NULL, '2021-04-27 22:39:21', '2021-04-27 22:39:21'),
(409, 1, 'Soloson II', 'Sistema', 'Rcolmenares', 'Material Soloson II', NULL, '2021-04-28 18:04:26', '2021-04-28 18:04:26'),
(410, 1, 'SOLOSON IMPORT, C.A.', 'ALMACEN', 'DESIREE TRUJILLO', 'ENTREGAR A PRODUCCION SR. GERBE JIMENEZ', NULL, '2021-04-28 21:54:01', '2021-04-28 21:54:01'),
(411, 1, 'MOTOCAR S YOEL C.A', 'ALMACEN', 'DESIREE TRUJILLO', 'MATERIAL POP', NULL, '2021-04-29 22:33:29', '2021-04-29 22:33:29'),
(420, 1, 'MINISTERIO DE LA DEFENSA', 'ALMACEN', 'DESIREE TRUJILLO', 'Despachar directo al cliente', NULL, '2021-04-30 22:22:26', '2021-04-30 22:22:26'),
(421, 1, 'DISTRIBUIDORA CORMA, C.A.', 'ALMACEN', 'DESIREE TRUJILLO', 'PAARA ATENDER CASO C-1504, ACCESORIO FALTANTE', NULL, '2021-05-04 16:48:58', '2021-05-04 16:48:58'),
(422, 1, 'SOLMOTOS', 'ALMACEN', 'ALBERTO PRADA', 'REPOSICION POR MAL DESPACHO FACTURA 1000392980', NULL, '2021-05-05 00:48:38', '2021-05-05 00:48:38'),
(423, 1, 'DISTRIBUIDORA DE LUBRINACTES LA MAROMA', 'ALMACEN', 'DESIREE TRUJILLO', 'ATENDER CASO A-761', NULL, '2021-05-05 16:31:00', '2021-05-05 16:31:00'),
(424, 1, 'SOLOSON II', 'ALMACEN', 'DESIREE TRUJILLO', 'ENTREGAR AL SR. JOSE DA SILVA O LUIS BIORS', NULL, '2021-05-06 18:16:54', '2021-05-06 18:16:54'),
(425, 1, 'MOTO CLUB ZOLLI RACING TEAM', 'ALMACEN', 'DESIREE TRUJILLO', 'DESPACHAR A MOTOTAP', NULL, '2021-05-06 23:12:56', '2021-05-06 23:12:56'),
(433, 1, 'BOOZ LABORATORIO VGME', 'ALMACEN', 'DESIREE TRUJILLO', 'Factura 393335', NULL, '2021-05-07 17:15:41', '2021-05-07 17:15:41'),
(434, 1, 'SOLOSON IMPORT, C.A.', 'ALMACEN', 'DESIREE TRUJILLO', 'DESPACHAR A RECURSOS HUMANOS', NULL, '2021-05-07 17:23:10', '2021-05-07 17:23:10'),
(435, 1, 'VALENTINO ZOLLI', 'ALMACEN', 'DESIREE TRUJILLO', 'DESPACHO SOLICITADO POR GERBE JIMENEZ', NULL, '2021-05-07 18:57:46', '2021-05-07 18:57:46'),
(436, 1, 'VALENTINO ZOLLI', 'ALMACEN', 'DESIREE TRUJILLO', 'DESPACHO SOLICITADO POR GERBE JIMENEZ', NULL, '2021-05-07 19:03:04', '2021-05-07 19:03:04'),
(437, 1, 'SOLOSON IMPORT, C.A.', 'ALMACEN', 'DESIREE TRUJILLO', 'SOLICITADO POR EL DPTO DE PRODUCCION', NULL, '2021-05-10 16:43:11', '2021-05-10 16:43:11'),
(439, 1, 'SOLOSON IMPORT', 'PRODUCCION', 'Edmundo Martin', 'PARA SER ENTREGADO A PRODUCION GUSTAVO PINO', NULL, '2021-05-10 19:28:00', '2021-05-10 19:28:00'),
(440, 1, 'MOTO CLUB ZOLLI', 'ALMACEN', 'ALBERTO PRADA', 'DESPACHO DE MATERIAL POP PARA EVENTO', NULL, '2021-05-10 23:11:16', '2021-05-10 23:11:16'),
(441, 1, 'MOTO CLUB ZOLLI', 'SOLOSON IMPORT C.A', 'Edmundo Martin', 'Para ser Entregado a la Mariana Toro', NULL, '2021-05-11 00:33:00', '2021-05-11 00:33:00'),
(447, 1, 'VENECALL', 'ALMACEN', 'EDMNDO MARTIN', 'DESPACHO SOLICITADO POR SR VALENTINO ZOLLI', NULL, '2021-05-11 00:47:29', '2021-05-11 00:47:29'),
(448, 1, 'PDVSA MINAS DE BARUTA', 'ALMACEN', 'EDMUNDO MARTIN', 'SR FERNANDO AULAR  6 UBICADO SOLOSON Y 1 MOTOTAP', NULL, '2021-05-11 17:49:01', '2021-05-11 17:49:01'),
(449, 1, 'VALENTINO ZOLLI', 'ALMACEN', 'ALBERTO PRADA', 'CLIENTE FINAL SR. ANGEL ALFARERIA', NULL, '2021-05-12 19:39:59', '2021-05-12 19:39:59'),
(450, 1, 'ALEXIS ESCALONA', 'ALMACEN', 'DESIREE TRUJILLO', 'CLIENTE RETIRA', NULL, '2021-05-14 00:06:17', '2021-05-14 00:06:17'),
(451, 1, 'INVERSIONES JUDAVID C.A.', 'ALMACEN', 'ALBERTO PRADA', 'MATERIAL POP', NULL, '2021-05-14 20:13:51', '2021-05-14 20:13:51'),
(452, 1, 'SOLOSON EVENTO KARTING', 'ALMACEN', 'ALBERTO PRADA', 'MATERIAL PARA EVENTO KARTIN VALENCIA 15-05-2.021', NULL, '2021-05-14 22:14:27', '2021-05-14 22:14:27'),
(453, 1, 'SOLOSON EVENTO KARTING', 'ALMACEN', 'ALBERTO PRADA', 'MATERIAL PARA EVENTO CARTING VALENCIA 15-05-2021', NULL, '2021-05-14 22:33:00', '2021-05-14 22:33:00'),
(454, 1, 'SOLOSON IMPORT, C.A.', 'ALMACEN', 'DESIREE TRUJILLO', 'DESPACHAR AL DPTO COMERCIALIZACION', NULL, '2021-05-18 00:31:30', '2021-05-18 00:31:30'),
(455, 1, 'GRUPO BERETTA, C.A.', 'ALMACEN', 'DESIREE TRUJILLO', 'ENTREGAR AL DPTO DE NAUTICA', NULL, '2021-05-18 00:38:34', '2021-05-18 00:38:34'),
(456, 1, 'SUZUKI EL PANITA, C.A.', 'ALMACEN', 'DESIREE TRUJILLO', 'MATERIAL POP', NULL, '2021-05-18 16:49:03', '2021-05-18 16:49:03'),
(459, 1, 'SHOWROOM', 'ALMACEN', 'ALBERTO PRADA', 'TRASLADO PARA EL SHOWROOM', NULL, '2021-05-18 17:56:24', '2021-05-18 17:56:24'),
(461, 1, 'SOLOSON IMPORT', 'ALMACEN', 'ALBERTO PRADA', 'ENTREGADO A SAMUEL SOTO', NULL, '2021-05-18 22:44:06', '2021-05-18 22:44:06'),
(464, 1, 'FUNDAFARMACIA', 'ALMACEN', 'DESIREE TRUJILLO', 'MERCANCIA A CONSIGNACION', NULL, '2021-05-18 22:53:07', '2021-05-18 22:53:07'),
(465, 1, 'SOLOSON IMPORT', 'ALMACEN', 'ALBERTO PRADA', 'ENTREGAR A MIRELYS PARA FOTOS DE PRODUCTO', NULL, '2021-05-19 15:49:28', '2021-05-19 15:49:28'),
(466, 1, 'GERBE JIMENEZ', 'ALMACEN', 'DESIREE TRUJILLO', 'CLIENTE FINAL SR. ÑANEZ', NULL, '2021-05-19 21:06:36', '2021-05-19 21:06:36'),
(467, 1, 'SOLOSON IMPORT, C.A.', 'ALMACEN', 'DESIREE TRUJILLO', 'MATERIAL POP', NULL, '2021-05-19 22:02:39', '2021-05-19 22:02:39'),
(468, 1, 'SOLOSON II', 'ALMACEN', 'DESIREE TRUJILLO', 'ENTREGAR AL SR  EMANUEL DA SILVA', NULL, '2021-05-19 22:42:28', '2021-05-19 22:42:28'),
(469, 1, 'INVERSIONES ASIS VII, C.A.', 'ALMACEN', 'DESIREE TRUJILLO', 'ATENDER CASO A-778', NULL, '2021-05-20 18:55:29', '2021-05-20 18:55:29'),
(470, 1, 'SOLOSON IMPORT, C.A.', 'ALMACEN', 'DESIREE TRUJILLO', '1 POTE DE ACEITE DEFECTUOSO', NULL, '2021-05-20 19:01:40', '2021-05-20 19:01:40'),
(471, 1, 'SOLOSON IMPORT, C.A.', 'ALMACEN', 'DESIREE TRUJILLO', 'DPTO PRODUCCION MERCANCIA C.K.D', NULL, '2021-05-21 00:00:13', '2021-05-21 00:00:13'),
(472, 1, 'GRUPO BERETTA, C.A.', 'ALMACEN', 'DESIREE TRUJILLO', 'INSTALACION DPTO NAUTICA', NULL, '2021-05-21 00:19:14', '2021-05-21 00:19:14'),
(473, 1, 'PRODUCCION', 'ALMACEN', 'EDMUNDO MARTIN', 'ENTREGAR A PROCDUCION MOTO MODELO SCUALO', NULL, '2021-05-21 16:04:44', '2021-05-21 16:04:44'),
(474, 1, 'SERVICIOS TECNICOS TECNISIS 2112, C.A.', 'ALMACEN', 'DESIREE TRUJILLO', 'MATERIAL POP', NULL, '2021-05-21 16:52:34', '2021-05-21 16:52:34'),
(475, 1, 'SERVICISO TECNICOS TECNISIS 2112, C.A.', 'ALMACEN', 'DESIREE TRUJILLO', 'MATERIAL POP', NULL, '2021-05-21 16:54:35', '2021-05-21 16:54:35'),
(476, 1, 'SOLOSON IMPORT, C.A.', 'ALMACEN', 'DESIREE TRUJILLO', 'SOLICITADO POR RRHH', NULL, '2021-05-24 17:11:36', '2021-05-24 17:11:36'),
(480, 1, 'SOLOSON IMPORT', 'ALAMACEN', 'DESIREE TRUJILLO', 'CASO 786 ENVIAR A SERVICIOS TECNICO', NULL, '2021-05-24 18:23:03', '2021-05-24 18:23:03'),
(481, 1, 'SOLMOTO', 'ALMACEN', 'ALBERTO PRADA', 'DESPACHO URGENTR', NULL, '2021-05-24 20:57:07', '2021-05-24 20:57:07'),
(482, 1, 'MULTISERVICIOS Y SUMINISTROS M&S 2017, C.A.', 'ALMACEN', 'DESIREE TRUJILLO', 'MATERIAL POP', NULL, '2021-05-24 23:16:27', '2021-05-24 23:16:27'),
(483, 1, 'VALENTINO ZOLLI', 'ALMACEN', 'DESIREE TRUJILLO', 'CLIENTE FINAL GENERAL MATEUS', NULL, '2021-05-25 00:18:45', '2021-05-25 00:18:45'),
(484, 1, 'INVERSIONES ARAGUA, C.A.', 'ALMACEN', 'DESIREE TRUJILLO', 'MATERIAL POP', NULL, '2021-05-25 17:48:23', '2021-05-25 17:48:23'),
(485, 1, 'SOLOSON IMPORT, C.A.', 'ALMACEN', 'DESIREE TRUJILLO', 'ENTREGAR A INGENIERIA PARA SU REPARACION', NULL, '2021-05-25 18:21:32', '2021-05-25 18:21:32'),
(488, 1, 'SPEED CENTER 07, C.A.', 'ALMACEN', 'DESIREE TRUJILLO', 'ATENDER CASO C1543 MAL DESPACHO FACT.389744', NULL, '2021-05-25 21:46:56', '2021-05-25 21:46:56'),
(489, 1, 'TODO MAJONI II, C.A.', 'ALMACEN', 'DESIREE TRUJILLO', 'MATERIAL POP', NULL, '2021-05-25 23:04:40', '2021-05-25 23:04:40'),
(490, 1, 'CAUCHOS TF, C.A.', 'ALMACEN', 'DESIREE TRUJILLO', 'ATENDER CASO C-1546. ERROR DE MEDIDA DE CAUCHO', NULL, '2021-05-26 16:36:53', '2021-05-26 16:36:53'),
(491, 1, 'VIOLETA SANSANO', 'ALMACEN', 'DESIREE TRUJILLO', 'COLOCAR EN LA CAMIONETA', NULL, '2021-05-26 16:52:39', '2021-05-26 16:52:39'),
(492, 1, 'GERBE JIMENEZ', 'ALMACEN', 'DESIREE TRUJILLO', 'ENTREGAR AL SR. VALENTINO', NULL, '2021-05-28 19:42:23', '2021-05-28 19:42:23'),
(493, 1, 'MULTISERVICIOS Y VENTAS FUTUR 2020, C.A.', 'ALMACEN', 'DESIREE TRUJILLO', 'PEDIDO 4000007672', NULL, '2021-05-29 01:06:54', '2021-05-29 01:06:54'),
(494, 1, 'Soloson I SERVICIO TECNICO', 'ALMACEN', 'ALBERTO PRADA', 'LUCRECIA PEREZ', NULL, '2021-05-31 19:16:33', '2021-05-31 19:16:33'),
(505, 1, 'MOTOTAP', 'SISTEMA', 'GUSTAVO NOUEL', 'ENTREGA PARA VICTOR SALAZAR', NULL, '2021-05-31 20:42:30', '2021-05-31 20:42:30'),
(507, 1, 'VALENTINO ZOLI', 'ALMACEN', 'DESIREE TRUJILLO', NULL, NULL, '2021-06-01 22:00:55', '2021-06-01 22:00:55'),
(508, 1, 'VALENTINO ZOLLI', 'ALMACEN', 'DESIREE TRUJILLO', 'SOLICITADO POR EL SR. GERBE JIMENEZ', NULL, '2021-06-01 23:05:44', '2021-06-01 23:05:44'),
(519, 1, 'SOLMOTOR', 'ALMACEN', 'ALBERTO PRADA', 'GARANTIA DL1050 RODOLFO MAX', NULL, '2021-06-01 21:30:45', '2021-06-01 21:30:47'),
(521, 1, 'MULTISERVICIOS Y VENTAS FUTUR 2020, C.A.', 'ALMACEN', 'DESIREE TRUJILLO', 'ATENDER CASO A-801, FALTANTE', NULL, '2021-06-02 21:14:02', '2021-06-02 21:14:02'),
(522, 1, 'SOLMOTO', 'ALMACEN', 'ALBERTO PRADA', 'GARANTIA DL 1000 SUZUKI', NULL, '2021-06-02 23:42:44', '2021-06-02 23:42:44'),
(523, 1, 'IMPORTADORA FANATO 2502, C.A.', 'ALMACEN', 'DESIREE TRUJILLO', 'ATENDER CASO C-1571, ERROR EN DESPACHO', NULL, '2021-06-03 17:55:31', '2021-06-03 17:55:31'),
(524, 1, 'RICARDO JOSE DE ALMEIDA', 'ALMACEN', 'DESIREE TRUJILLO', 'MATERIAL POP', NULL, '2021-06-03 18:54:25', '2021-06-03 18:54:25'),
(525, 1, 'SAMUEL SOTO', 'ALMACEN', 'DESIREE TRUJILLO', 'ENTREGAR AL DPTO. NAUTICA', NULL, '2021-06-04 00:07:46', '2021-06-04 00:07:46'),
(526, 1, 'Soloson 2', 'Sistema', 'Gustavo Nouel', 'entregar al sr da silva', NULL, '2021-06-04 17:46:56', '2021-06-04 17:46:56'),
(527, 1, 'SERVICIO TECNICO', 'ALMACEN', 'DESIREE TRUJILLO', 'PARA SU REVISION CASO C-1563', NULL, '2021-06-04 18:57:56', '2021-06-04 18:57:56'),
(528, 1, 'MULTISERVICIOS SPEED 1, C.A.', 'ALMACEN', 'DESIREE TRUJILLO', 'MATERIAL POP', NULL, '2021-06-04 22:58:21', '2021-06-04 22:58:21'),
(529, 1, 'BOOZ LABORATORIO VGME, C.A.', 'ALMACEN', 'DESIREE TRUJILLO', 'ATENDER CASO C-1576', NULL, '2021-06-04 23:58:32', '2021-06-04 23:58:32'),
(530, 1, 'SOLOSON IMPORT, C.A', 'ALMACEN', 'DESIREE TRUJILLO', 'SUBIR A LA SRA. MIRELYS DALMARGO', NULL, '2021-06-07 19:46:17', '2021-06-07 19:46:17'),
(531, 1, 'SOLOSON IMPORT, C.A.', 'ALMACEN', 'DESIREE TRUJILLO', 'SERV TECN PARA SU REVISION ATENDER CASO 1375', NULL, '2021-06-07 22:41:38', '2021-06-07 22:41:38'),
(532, 1, 'GRUPO SANDOVAL AS, C.A.', 'ALMACEN', 'DESIREE TRUJILLO', 'ATENDER CASO C-1563. MERCANCIA BUEN ESTADO', NULL, '2021-06-08 17:44:44', '2021-06-08 17:44:44'),
(533, 1, 'SOLMOTOS, C.A.', 'ALMACEN', 'DESIREE TRUJILLO', 'PARA ANTENDER GARANTIA', NULL, '2021-06-09 18:50:04', '2021-06-09 18:50:04'),
(534, 1, 'INVERSIONES MOTO SHOP, C.A.', 'ALMACEN', 'DESIREE TRUJILLO', 'ATENDER CASO A-646', NULL, '2021-06-09 23:14:38', '2021-06-09 23:14:38'),
(535, 1, 'AGUA DULCE', 'ALMACEN', 'DESIREE TRUJILLO', 'ATENDER CASO A-645', NULL, '2021-06-09 23:17:32', '2021-06-09 23:17:32'),
(536, 1, 'INVERSIONES 767421, C.A', 'ALMACEN', 'DESIREE TRUJILLO', 'BATERIA TRILLADORA', NULL, '2021-06-10 18:31:04', '2021-06-10 18:31:04'),
(537, 1, 'ALCALDIA DEL MUNICIPIO ZAMORA', 'ALMACEN', 'DESIREE TRUJILLO', 'CLIENTE RETIRA HOY', NULL, '2021-06-10 22:56:30', '2021-06-10 22:56:30'),
(538, 1, 'VALENTINO ZOLLI', 'ALMACEN', 'DESIREE TRUJILLO', 'ENTREGA A GERBE JIMENEZ', NULL, '2021-06-11 00:20:01', '2021-06-11 00:20:01'),
(539, 1, 'Soloson Import, c.a.', 'Almacen', 'Desiree Trujillo', 'Entregar al Sr. Jhonny Rojas', NULL, '2021-06-11 21:40:39', '2021-06-11 21:40:39'),
(540, 1, 'SOLMOTOS, C.A.', 'ALMACEN', 'DESIREE TRUJILLO', 'ATENDER CASO C-1597', NULL, '2021-06-11 22:53:50', '2021-06-11 22:53:50'),
(541, 1, 'BOOZ LABORATORIO VGME', 'ALMACEN', 'DESIREE TRUJILLO', 'FACTURAR CUANDO SE CARGE LA MERCANCIA AL SISTEMA', NULL, '2021-06-11 23:00:01', '2021-06-11 23:00:01'),
(542, 1, 'SOLOSON IMPORT, C.A.', 'ALMACEN', 'DESIREE TRUJILLO', 'ENTREGAR A PRODUCCION SR. GERBE JIMENEZ', NULL, '2021-06-14 22:21:24', '2021-06-14 22:21:24'),
(543, 1, 'INVERSIONES JUDAVID, C.A.', 'ALMACEN', 'DESIREE TRUJILLO', 'ATENDER CASO M-007', NULL, '2021-06-14 23:32:17', '2021-06-14 23:32:17'),
(544, 1, 'VALENTINO ZOLLI', 'ALMACEN', 'DESIREE TRUJILLO', 'DESPACHAR A MOTOTAP', NULL, '2021-06-15 19:08:16', '2021-06-15 19:08:16'),
(545, 1, 'SOLOSON IMPORT, C.A.', 'ALMACEN', 'DESIREE TRUJILLO', 'SOLICITADO POR SR. GERBE JIMENEZ', NULL, '2021-06-15 23:39:07', '2021-06-15 23:39:07'),
(546, 1, 'J & C IMPORT, C.A.', 'ALMACEN', 'DESIREE TRUJILLO', 'ATENDER CASO A-797. ERROR DESPACHO', NULL, '2021-06-15 23:46:48', '2021-06-15 23:46:48'),
(547, 1, 'INVERSIONES KUKY MOTOS, C.A.', 'ALMACEN', 'DESIREE TRUJILLO', 'ATENDER CASO A-813. CAMBIO LONA', NULL, '2021-06-16 17:21:10', '2021-06-16 17:21:10'),
(548, 1, 'SOLOSON IMPORT, C.A.', 'ALMACEN', 'DESIREE TRUJILLO', 'ENTREGAR A PRODUCCION SR. GERBE JIMENEZ', NULL, '2021-06-16 17:52:31', '2021-06-16 17:52:31'),
(549, 1, 'IMPORTACIONES VILLA ARIAS C.A.', 'ALMACEN', 'DESIREE TRUJILLO', 'ENVIAR A MOTOTAP', NULL, '2021-06-16 19:47:20', '2021-06-16 19:47:20'),
(550, 1, 'VALENTINO ZOLLI', 'ALMACEN', 'DESIREE TRUJILLO', 'CLIENTE FINAL LEOPOLDO OCHOA', NULL, '2021-06-17 22:42:01', '2021-06-17 22:42:01'),
(553, 1, 'Distribuidora Motap', 'Sistema', 'Gustavo Nouel', 'ENTREGAR   AL   SR VICTOR    SALAZAR', NULL, '2021-06-18 02:18:52', '2021-06-18 02:18:52'),
(554, 1, 'GERBE JIMENEZ', 'ALMACEN', 'DESIREE TRUJILLO', 'AGILIZAR', NULL, '2021-06-18 17:24:05', '2021-06-18 17:24:05'),
(555, 1, 'INVERSIONES ALEXK`S SPORT, C.A', 'ALMACEN', 'DESIREE TRUJILLO', 'ATENDER CASO C-1605.', NULL, '2021-06-18 23:36:27', '2021-06-18 23:36:27'),
(556, 1, 'SERVI BATERY  B.C, C.A.', 'ALMACEN', 'DESIREE TRUJILLO', 'NO PROCEDE EL CAMBIO, NO CUBRE GARANTIA', NULL, '2021-06-18 23:49:32', '2021-06-18 23:49:32'),
(557, 1, 'SOLOSON IMPORT, C.A.', 'ALMACEN', 'DESIREE TRUJILLO', 'MATERIAL ENVIADA A SHOW ROOM', NULL, '2021-06-21 16:19:39', '2021-06-21 16:19:39'),
(558, 1, 'MOTO REPUESTOS DOBLE G IV C.A.', 'ALMACEN', 'DESIREE TRUJILLO', 'ATENDER CASO C-1606. FACT 394730 394757', NULL, '2021-06-21 21:30:39', '2021-06-21 21:30:39'),
(559, 1, 'INDUMOTO, C.A.', 'ALMACEN', 'DESIREE TRUJILLO', 'ATENDER CASO C-1486. FACT 2671', NULL, '2021-06-22 19:28:52', '2021-06-22 19:28:52'),
(560, 1, 'GIAFRA, C.A.', 'ALMACEN', 'DESIREE TRUJILLO', 'ATENDER CASO C-1445, FALTO 1 PIEZA FACT 388289', NULL, '2021-06-22 22:54:31', '2021-06-22 22:54:31'),
(561, 1, 'SOLOSON IMPORT, C.A.', 'ALMACEN', 'DESIREE TRUJILLO', 'TRASLADO PARA SER ENTREGADO AL Sr. LARRY PALMA', NULL, '2021-06-23 16:00:29', '2021-06-23 16:00:29'),
(562, 1, 'LUISA CASTRO', 'ALMACEN', 'DESIREE TRUJILLO', 'PARA SER FACTURADO POSTERIORMENTE', NULL, '2021-06-23 16:12:49', '2021-06-23 16:12:49'),
(563, 1, 'SOLOSON IMPORT, C.A.', 'ALMACEN', 'DESIREE TRUJILLO', 'PARA SER UTILIZADO EN EVENTO CTC SHOW STAND MOTUL', NULL, '2021-06-23 23:33:02', '2021-06-23 23:33:02'),
(564, 1, 'SOLOSON IMPORT, C.A.', 'ALMACEN', 'DESIREE TRUJILLO', 'EVENTO CTC SHOW STAND MOTUL', NULL, '2021-06-23 23:41:45', '2021-06-23 23:41:45'),
(565, 2, 'FRANCO PUPPIO PEREZ', 'ALMACEN', 'ALBERTO PRADA', 'DESPACHO ULTIMA HORA URGENTE', NULL, '2021-06-24 01:24:25', '2021-06-24 01:24:25'),
(566, 1, 'MOTO CLUB ZOLLI RACING TEAM', 'ALMACEN', 'DESIREE TRUJILLO', 'DESPACHO SOLICITADO POR SR. JOSE DA FONSECA', NULL, '2021-06-25 17:15:35', '2021-06-25 17:15:35'),
(567, 1, 'MOTO CLUB ZOLLI RACING TEAM', 'ALMACEN', 'DESIREE TRUJILLO', 'PARA CARRERA', NULL, '2021-06-25 18:22:06', '2021-06-25 18:22:06'),
(568, 1, 'MOTO CLUB ZOLLI RACING TEAM', 'ALMACEN', 'DESIREE TRUJILLO', 'PARA CARRERA', NULL, '2021-06-25 18:49:40', '2021-06-25 18:49:40'),
(569, 1, 'MOTUL LIFE', 'ALMACEN', 'DESIREE TRUJILLO', 'SOLICITADO POR EL SR. JOSE DA FONSECA', NULL, '2021-06-25 22:58:59', '2021-06-25 22:58:59'),
(570, 1, 'MOTUL LIFE', 'ALMACEN', 'DESIREE TRUJILLO', 'SOLICITADO POR EL SR. JOSE DA FONSECA', NULL, '2021-06-25 23:10:31', '2021-06-25 23:10:31'),
(571, 1, 'MOTUL LIFE', 'ALMACEN', 'DESIREE TRUJILLO', 'SOLICITADO POR EL SR. JOSE DA FONSECA', NULL, '2021-06-25 23:22:01', '2021-06-25 23:22:01'),
(572, 1, 'MOTUL LIFE', 'ALMACEN', 'DESIREE TRUJILLO', 'SOLICITADO POR EL SR.  JOSE DA FONSECA', NULL, '2021-06-25 23:30:03', '2021-06-25 23:30:03'),
(573, 1, 'MOTUL LIFE', 'ALMACEN', 'DESIREE TRUJILLO', 'SOLICITADO POR EL SR. JOSE DA FONSECA', NULL, '2021-06-25 23:43:02', '2021-06-25 23:43:02'),
(574, 1, 'MOTUL LIFE', 'ALMACEN', 'DESIREE TRUJILLO', 'SOLICITADO POR SR. JOSE DA FONSECA', NULL, '2021-06-25 23:52:00', '2021-06-25 23:52:00'),
(575, 1, 'MOTUL LIFE', 'ALMACEN', 'DESIREE TRUJILLO', 'SOLICITADO POR EL SR JOSE DA FONSECA', NULL, '2021-06-25 23:55:33', '2021-06-25 23:55:33'),
(576, 1, 'MOTO CLUB ZOLLI RACING TEAM', 'ALMACEN', 'DESIREE TRUJILLO', 'UTILIZADA PARA LA CARRERA', NULL, '2021-06-26 00:02:16', '2021-06-26 00:02:16'),
(589, 1, 'SERVICIOS TECNICOS TECNISIS 2112, C.A.', 'ALMACEN', 'DESIREE TRUJILLO', 'MATERIAL POP', NULL, '2021-06-30 18:41:18', '2021-06-30 18:41:18'),
(590, 1, 'SOLOSON IMPORT', 'ALMACEN', 'DESIREE TRUJILLO', 'DONACION A LA PNB', NULL, '2021-07-02 16:43:25', '2021-07-02 16:43:25'),
(591, 1, 'SOLOSON IMPORT, C.A.', 'ALMACEN', 'DESIREE TRUJILLO', 'ENTREGAR A RRHH', NULL, '2021-07-02 17:27:00', '2021-07-02 17:27:00'),
(592, 1, 'SOLOSON IMPORT, C.A.', 'ALMACEN', 'DESIREE TRUJILLO', 'ENTREGADO DEL DPTO PRODUCCION', NULL, '2021-07-02 23:32:27', '2021-07-02 23:32:27'),
(593, 1, 'ENERGY MEDIA 2804, C.A.', 'ALMACEN', 'DESIREE TRUJILLO', 'MATERIAL POP', NULL, '2021-07-02 23:53:33', '2021-07-02 23:53:33'),
(594, 1, 'SOLOSON II', 'ALMACEN', 'DESIREE TRUJILLO', 'ENTREGAR AL SR. LARRY PALMA', NULL, '2021-07-06 16:35:30', '2021-07-06 16:35:30'),
(596, 1, 'FULL MOTOS, C.A.', 'ALMACEN', 'DESIREE TRUJILLO', 'ATENDER CASO C-1607', NULL, '2021-07-06 22:14:01', '2021-07-06 22:14:01'),
(597, 1, 'ESTACION DE SERVICIO PALMAREJO', 'ALMACEN', 'DESIREE TRUJILLO', 'DESPACHO DIRECTO AL CLIENTE', NULL, '2021-07-07 00:03:19', '2021-07-07 00:03:19'),
(598, 1, 'ESTACION DE SERVICIOS LOS GUAYOS', 'ALMACEN', 'DESIREE TRUJILLO', 'DESPACHO DIRECTO AL CLIENTE', NULL, '2021-07-07 00:06:09', '2021-07-07 00:06:09'),
(599, 1, 'ESTACION DE SERVICIOS LAS MOROCHAS', 'ALMACEN', 'DESIREE TRUJILLO', 'DESPACHO DIRECTO AL CLIENTE', NULL, '2021-07-07 00:08:13', '2021-07-07 00:08:13'),
(600, 1, 'ESTACION DE SERVICIOS LA AGUADITA', 'ALMACEN', 'DESIREE TRUJILLO', 'DESPACHO DIRECTO AL CLIENTE', NULL, '2021-07-07 00:11:02', '2021-07-07 00:11:02'),
(601, 1, 'SERVICIOS TECNICOS TECNISIS 2112, C.A.', 'ALMACEN', 'DESIREE TRUJILLO', 'DESPACHO DIRECTO AL CLIENTE', NULL, '2021-07-07 00:12:54', '2021-07-07 00:12:54'),
(602, 1, 'SOLOSON II', 'ALMACEN', 'DESIREE TRUJILLO', 'TRASLADO DE MERCANCIA', NULL, '2021-07-07 16:50:42', '2021-07-07 16:50:42'),
(603, 1, 'MULTISERVICIOS GRAN CACIQUE 2030, C.A.', 'ALMACEN', 'DESIREE TRUJILLO', 'CLIENTE RETIRA', NULL, '2021-07-07 18:05:27', '2021-07-07 18:05:27'),
(604, 1, 'SOLOSON IMPORT, C.A.', 'ALMACEN', 'DESIREE TRUJILLO', 'DONACION PNB', NULL, '2021-07-08 21:27:44', '2021-07-08 21:27:44'),
(608, 1, 'SOLOSON IMPORT', 'ALMACEN', 'ALBERTO PRADA', 'GARANTIA SOLMOTO', NULL, '2021-07-08 23:18:12', '2021-07-08 23:18:12');
INSERT INTO `invoices` (`id`, `client_id`, `cliente`, `area`, `user`, `nota`, `tbulto`, `created_at`, `updated_at`) VALUES
(609, 1, 'INVERSIONES BRANDO MANUEL, C.A.', 'ALMACEN', 'DESIREE TRUJILLO', 'RETIRA EL CLIENTE', NULL, '2021-07-08 23:48:26', '2021-07-08 23:48:26'),
(610, 1, 'SOLOSON IMPORT, C.A.', 'ALMACEN', 'DESIREE TRUJILLO', 'ENTREGAR A RRHH', NULL, '2021-07-09 18:27:41', '2021-07-09 18:27:41'),
(617, 1, 'Policia de Miranda', 'Sistema', 'Gustavo Nouel', 'Donación a la Policía de Miranda', NULL, '2021-07-09 18:41:53', '2021-07-09 18:41:53'),
(618, 1, 'Policia de Miranda', 'Sistema', 'Gustavo Nouel', 'Donación para la policía de miranda', NULL, '2021-07-09 20:16:32', '2021-07-09 20:16:32'),
(619, 1, 'SOLOSON IMPORT, C.A.', 'ALMACEN', 'DESIREE TRUJILLO', 'PARA COLOCAR EN SHOWROOM', NULL, '2021-07-09 23:13:45', '2021-07-09 23:13:45'),
(622, 1, 'SOLOSON IMPORT, C.A.', 'ALMACEN', 'DESIREE TRUJILLO', 'PARA COLOCAR EN EL SHOWROOM', NULL, '2021-07-09 23:25:58', '2021-07-09 23:25:58'),
(623, 1, 'SOLOSON IMPORT, C.A.', 'ALMACEN', 'DESIREE TRUJILLO', 'PARA COLOCAR EN SHOWROOM', NULL, '2021-07-09 23:31:14', '2021-07-09 23:31:14'),
(624, 1, 'SOLOSON IMPORT, C.A.', 'ALMACEN', 'DESIREE TRUJILLO', 'PARA COLOCAR AL SHOWROOM', NULL, '2021-07-09 23:36:35', '2021-07-09 23:36:35'),
(625, 1, 'TRANSPORTE LUGA, S.R.L', 'ALMACEN', 'DESIREE TRUJILLO', 'ENTREGAR A LA SRA. MARIANA TORO', NULL, '2021-07-12 16:29:14', '2021-07-12 16:29:14'),
(626, 1, 'NEW LINE SANDOVAL, C.A.', 'ALMACEN', 'DESIREE TRUJILLO', 'REPOSICION DE PIEZA DAÑADA. VER CORREO ANEXO', NULL, '2021-07-12 19:17:02', '2021-07-12 19:17:02'),
(627, 1, 'SOLOSON II', 'ALMACEN', 'DESIREE TRUJILLO', 'TRASLADO DE MERCANCIA', NULL, '2021-07-13 16:26:03', '2021-07-13 16:26:03'),
(628, 1, 'SOLOSON IMPORT, C.A.', 'ALAMCEN', 'DESIREE TRUJILLO', 'SOLICITADO POR LA SRA. MIRELYS DALMAGRO', NULL, '2021-07-13 21:35:03', '2021-07-13 21:35:03'),
(629, 1, 'MEGARUEDAS, C.A.', 'ALMACEN', 'DESIREE TRUJILLO', 'MERCANCIA NO APLICA PARA DEVOLUCION', NULL, '2021-07-13 21:57:30', '2021-07-13 21:57:30'),
(630, 1, 'GRUPO BERETTA, C.A.', 'ALMACEN', 'DESIREE TRUJILLO', 'CLIENTE RETIRA', NULL, '2021-07-13 22:05:57', '2021-07-13 22:05:57'),
(631, 1, 'SOLOSON IMPORT, C.A.', 'ALMACEN', 'DESIREE TRUJILLO', 'ENTREGAR A DPTO PRODUCCION SR. JONNY ROJAS', NULL, '2021-07-13 22:48:26', '2021-07-13 22:48:26'),
(632, 1, 'AUTOPARTES BEREVIC J.A, C.A', 'ALMACEN', 'DESIREE TRUJILLO', 'DESPACHAR AL CLIENTE', NULL, '2021-07-14 16:34:07', '2021-07-14 16:34:07'),
(633, 1, 'SOLOSON IMPORT, C.A.', 'ALMACEN', 'DESIREE TRUJILLO', 'SOLICITADO POR PRODUCCION (CORPOELEC)', NULL, '2021-07-14 17:38:08', '2021-07-14 17:38:08'),
(634, 1, 'ESTACION DE SERVICIOS LAS MERCEDES', 'ALMACEN', 'DESIREE TRUJILLO', 'CLIENTE RETIRA', NULL, '2021-07-15 16:03:16', '2021-07-15 16:03:16'),
(635, 1, 'ESTACION DE SERVICIOSLOS ALISOS', 'ALMACEN', 'DESIREE TRUJILLO', 'CLIENTE RETIRA', NULL, '2021-07-15 16:05:21', '2021-07-15 16:05:21'),
(636, 1, 'SOLOSON IMPORT, C.A.', 'ALMACEN', 'DESIREE TRUJILLO', 'MERCANCIA UTILIZADO PARA SHOW ROOM', NULL, '2021-07-15 18:38:27', '2021-07-15 18:38:27'),
(637, 1, 'TRANSPORTES LUGA, S.R.L', 'ALMACEN', 'DESIREE TRUJILLO', 'ENTREGAR A LA SRA. MARIANA TORO', NULL, '2021-07-15 18:45:17', '2021-07-15 18:45:17'),
(638, 1, 'SOLOSON IMPORT, C.A.', 'ALMACEN', 'DESIREE TRUJILLO', 'ENTREGAR A RRHH', NULL, '2021-07-15 21:21:19', '2021-07-15 21:21:19'),
(639, 1, 'INVERSIONES 767421, C.A.', 'ALMACEN', 'DESIREE TRUJILLO', 'BATERIA- TRILLADORA', NULL, '2021-07-15 22:40:17', '2021-07-15 22:40:17'),
(640, 1, 'AYAH, C.A.', 'ALMACEN', 'DESIREE TRUJILLO', 'CLIENTE RETIRA', NULL, '2021-07-16 00:04:42', '2021-07-16 00:04:42'),
(641, 1, 'SOLOSON IMPORT, C.A.', 'ALMACEN', 'DESIREE TRUJILLO', 'ENTREGADO EL 16-07-2021 AL SR DENNY PULIDO', NULL, '2021-07-19 16:12:59', '2021-07-19 16:12:59'),
(642, 1, 'SUZUKI AVIADORES', 'ALMACEN', 'ALBERTO PRADA', 'DESPACHO POP', NULL, '2021-07-19 18:38:53', '2021-07-19 18:38:53'),
(648, 1, 'JOSE DA FONSECA', 'ALMACEN', 'DESIREE TRUJILLO', 'MERCANCIA ENTREGADA 19-07-2021', NULL, '2021-07-20 16:52:31', '2021-07-20 16:52:31'),
(649, 1, 'ESTACION DE SERVICIOS LITORAL (FULLCARS)', 'ALMACEN', 'DESIREE TRUJILLO', 'DESPACHAR AL CLIENTE', NULL, '2021-07-20 19:01:25', '2021-07-20 19:01:25'),
(650, 1, 'PERFORACIONES MAZZIOTTA, C.A.', 'ALMACEN', 'DESIREE TRUJILLO', 'DESPACHAR AL CLIENTE (LA SALLE)', NULL, '2021-07-21 16:07:45', '2021-07-21 16:07:45'),
(652, 1, 'ASOCIACION CIVIL CRUZ ROJA VENEZOLANA', 'ALMACEN', 'DESIREE TRUJILLO', 'MERCANCIA CUCUTA', NULL, '2021-07-21 17:04:17', '2021-07-21 17:04:17'),
(653, 1, 'ESTACION DE SERVICIOS IZCALAGO', 'ALMACEN', 'DESIREE TRUJILLO', 'DESPACHAR AL CLIENTE', NULL, '2021-07-21 23:17:32', '2021-07-21 23:17:32'),
(654, 1, 'ESTACION DE SERVICIOS IZCALAGO', 'ALMACEN', 'DESIREE TRUJILLO', 'DESPACHAR AL CLIENTE-MATERIAL POP', NULL, '2021-07-22 16:12:31', '2021-07-22 16:12:31'),
(655, 1, 'CORPORACION FB IMPORT', 'ALMACEN', 'DESIREE TRUJILLO', 'MATERIAL SOLICITADO POR GERENCIA COMERCIAL', NULL, '2021-07-22 17:49:06', '2021-07-22 17:49:06'),
(656, 1, 'SOLOSON IMPORT, C.A.', 'ALMACEN', 'DESIREE TRUJILLO', 'DESPACHAR AL DPTO RRHH', NULL, '2021-07-22 22:51:32', '2021-07-22 22:51:32'),
(657, 1, 'MOTO CLUB ZOLLI RACING TEAM', 'ALMACEN', 'DESIREE TRUJILLO', 'RETIRA EL CLIENTE', NULL, '2021-07-22 23:27:20', '2021-07-22 23:27:20'),
(658, 1, 'CORPORACION FB IMPORT', 'ALMACEN', 'DESIREE TRUJILLO', 'MATERIAL POP', NULL, '2021-07-23 18:20:14', '2021-07-23 18:20:14'),
(659, 1, 'VALENTINO ZOLLI', 'ALMACEN', 'DESIREE TRUJILLO', 'ATENDER CASO C-1652, MERCANCIA MAL DESPACHADA', NULL, '2021-07-23 18:32:18', '2021-07-23 18:32:18'),
(660, 1, 'ESTACION DE SERVICIOS BARBULA 2', 'ALMACEN', 'DESIREE TRUJILLO', 'DESPACHAR AL CLIENTE', NULL, '2021-07-26 22:25:07', '2021-07-26 22:25:07'),
(661, 1, 'SOLOSON IMPORT, C.A.', 'ALMACEN', 'DESIREE TRUJILLO', 'DESPACHAR A RRHH', NULL, '2021-07-27 21:31:21', '2021-07-27 21:31:21'),
(662, 1, 'INVERSIONES BRANDO MANUEL, C.A.', 'ALMACEN', 'DESIREE TRUJILLO', 'NO APLICA LA DEVOLUCION', NULL, '2021-07-28 16:12:28', '2021-07-28 16:12:28'),
(663, 1, 'CICLOMOTOS XTREME, C.A.', 'ALMACEN', 'DESIREE TRUJILLO', 'CASO A-845, BATERIA BUENA', NULL, '2021-07-28 16:15:50', '2021-07-28 16:15:50'),
(664, 1, 'SOLOSON II', 'ALMACEN', 'DESIREE TRUJILLO', 'TRASLADO DE MERCANCIA', NULL, '2021-07-28 16:47:30', '2021-07-28 16:47:30'),
(665, 1, 'SOLOSON IMPORT, C.A.', 'ALMACEN', 'DESIREE TRUJILLO', 'SOLICITADO POR DPTO ATENCION AL CLIENTE', NULL, '2021-07-28 18:20:38', '2021-07-28 18:20:38'),
(666, 1, 'Mototap', 'Importaciones', 'Victor Salazar', NULL, NULL, '2021-07-30 22:49:46', '2021-07-30 22:49:46'),
(667, 1, 'SOLOSON IMPORT, C.A.', 'ALMACEN', 'DESIREE TRUJILLO', 'DESPACHAR AL DPTO INGENIERIA', NULL, '2021-08-02 15:54:16', '2021-08-02 15:54:16'),
(669, 1, 'ESTACION DE SERVICIO AEROPUERTO', 'ALMACEN', 'DESIREE  TRUJILLO', 'DESPACHAR AL CLIENTE', NULL, '2021-08-02 16:01:34', '2021-08-02 16:01:34'),
(672, 1, 'SOLOSON II', 'ALMACEN', 'DESIREE TRUJILLO', 'TRASLADO A SOLOSON II EVENTO', NULL, '2021-08-02 17:47:48', '2021-08-02 17:47:48'),
(673, 1, 'SOLOSON IMPORT, C.A.', 'ALMACEN', 'DESIREE TRUJILLO', 'MATERIAL POP ENTREGAR A DPTO DE CALIDAD', NULL, '2021-08-02 17:49:43', '2021-08-02 17:49:43'),
(675, 1, 'SOLOSON IMPORT, C.A.', 'ALMACEN', 'DESIREE TRUJILLO', 'ATENDER CASO AQUANAUTIC', NULL, '2021-08-02 18:33:10', '2021-08-02 18:33:10'),
(676, 1, 'ANULADA', 'ANUALDA', 'DESIREE TRUJILLO', 'ORDEN ANULADA  POR REGISTRO INCOMPLETO', NULL, '2021-08-03 15:16:17', '2021-08-03 15:16:17'),
(677, 1, 'SOLOSON II', 'ALMACEN', 'DESIREE TRUJILLO', 'TRASLADO', NULL, '2021-08-03 15:19:26', '2021-08-03 15:19:26'),
(678, 1, 'INVERSIONES BRANDO MANUEL, C.A.', 'ALMACEN', 'DESIREE TRUJILLO', 'MERCANCIA NO PROCEDE AL RECLAMO A-852', NULL, '2021-08-03 21:29:01', '2021-08-03 21:29:01'),
(679, 1, 'PARTS  MOTOS, C.A.', 'ALMACEN', 'DESIREE TRUJILLO', 'MERNCANCIA NO PROCEDE RECLAMO A-860', NULL, '2021-08-03 22:20:15', '2021-08-03 22:20:15'),
(680, 1, 'ESTACION DE SERVICIOS PAEZ 1', 'ALMACEN', 'DESIREE TRUJILLO', 'CLIENTE RETIRA', NULL, '2021-08-04 16:20:42', '2021-08-04 16:20:42'),
(681, 1, 'SOLOSON IMPORT, C.A.', 'ALMACEN', 'DESIREE TRUJILLO', 'TRASLADO DE MERCANCIA', NULL, '2021-08-04 18:42:41', '2021-08-04 18:42:41'),
(682, 1, 'SOLOSON IMPORT, C.A.', 'ALMACEN', 'DESIREE TRUJILLO', 'TRASLADO DE MERCANCIA', NULL, '2021-08-04 21:59:49', '2021-08-04 21:59:49'),
(683, 1, 'SOLOSON IMPORT, C.A.', 'ALMACEN', 'DESIREE TRUJILLO', 'DESPACHAR A RRHH', NULL, '2021-08-05 15:55:38', '2021-08-05 15:55:38'),
(684, 1, 'SOLOSON IMPORT, C.A.', 'ALMACEN', 'DESIREE TRUJILLO', 'TRASLADO DE MERCANCIA', NULL, '2021-08-05 21:32:15', '2021-08-05 21:32:15'),
(685, 1, 'MENDEZ MOTOS, C.A.', 'ALMACEN', 'DESSIREE TRUJILLO', 'DEVOLUCION NO APLICA CASO A-863', NULL, '2021-08-05 22:55:17', '2021-08-05 22:55:17'),
(686, 1, 'SOLOSON IMPORT, C.A.', 'ALMACEN', 'DESIREE TRUJILLO', 'PARA TOMAR LA MUESTRA (BORNE)', NULL, '2021-08-10 22:17:31', '2021-08-10 22:17:31'),
(687, 1, 'CENTRO FERRETERO EL PICO, C.A.', 'ALMACEN', 'DESIREE TRUJILLO', 'MATERIAL POP', NULL, '2021-08-11 16:35:05', '2021-08-11 16:35:05'),
(688, 1, 'FERRETERIA IP-5, C.A.', 'ALMACEN', 'DESIREE TRUJILLO', 'MATERIAL POP', NULL, '2021-08-11 16:37:53', '2021-08-11 16:37:53'),
(689, 1, 'CAMPI FERRETERIA, C.A.', 'ALMACEN', 'DESIREE TRUJILLO', 'MATERIAL POP', NULL, '2021-08-11 16:39:31', '2021-08-11 16:39:31'),
(690, 1, 'MULTISERVICIOS Y VENTAS FUTUR 2020, C.A.', 'ALMACEN', 'DESIREE TRUJILLO', 'MATERIAL POP', NULL, '2021-08-11 16:43:35', '2021-08-11 16:43:35'),
(691, 1, 'INVERSIONES JUDAVID, C.A.', 'ALMACEN', 'DESIREE TRUJILLO', 'MATERIAL POP', NULL, '2021-08-11 16:45:48', '2021-08-11 16:45:48'),
(692, 1, 'ANTONIO IRIZAR CRESPO', 'ALMACEN', 'DESIREE TRUJILLO', 'DESPACHAR A MOTOTAP', NULL, '2021-08-11 16:49:19', '2021-08-11 16:49:19'),
(693, 1, 'IINVERSIONES RMR 2015, C.A.', 'ALMACEN', 'DESIREE TRUJILLO', 'MATERIAL POP', NULL, '2021-08-11 23:52:39', '2021-08-11 23:52:39'),
(694, 1, 'LUIS ORTIZ', 'ALMACEN', 'DESIREE TRUJILLO', 'PRESTAMO', NULL, '2021-08-13 18:41:32', '2021-08-13 18:41:32'),
(695, 1, 'ANULADA', 'ANULADA', 'DESIREE TRUJILLO', 'SE ANULA POR SOLICITUD DEL USUARIO', NULL, '2021-08-13 22:27:15', '2021-08-13 22:27:15'),
(696, 1, 'INVERSIONES KUKY MOTOS, C.A.', 'ALMACEN', 'DESIREE TRUJILLO', 'DEVOLUCION NO PROCEDE RECLAMO A-868', NULL, '2021-08-16 18:09:49', '2021-08-16 18:09:49'),
(697, 1, 'Mototap', 'sistema', 'Gustavo Nouel', NULL, NULL, '2021-08-18 03:02:17', '2021-08-18 03:02:17'),
(698, 1, 'INVERSIONES AQUA NAUTICA, C.A.', 'ALMACEN', 'DESIREE TRUJILLO', 'DESPACHAR AL CLIENTE', NULL, '2021-08-20 17:16:34', '2021-08-20 17:16:34'),
(699, 1, 'ROYAL CHOPPER, C.A.', 'ALMACEN', 'DESIREE TRUJILLO', 'CLIENTE RETIRA', NULL, '2021-08-23 18:48:51', '2021-08-23 18:48:51'),
(700, 1, 'ANULADA', 'ALMACEN', 'DESIREE TRUJILLO', 'SE ANUALA POR SOLICITUD DE USUARIO', NULL, '2021-08-23 18:48:51', '2021-08-23 18:48:51'),
(701, 1, 'MULTISERVICIOS Y VENTAS FUTUR 2020, C.A.', 'ALMACEN', 'DESIREE TRUJILLO', 'DESPACHAR AL CLIENTE- TRILLADORA', NULL, '2021-08-25 23:18:34', '2021-08-25 23:18:34'),
(702, 1, 'INVERSIONES SERVICIOS MARITIMOS EL CANAL, C.A.', 'ALMACEN', 'DESIREE TRUJILLO', 'CLIENTE RETIRA', NULL, '2021-08-25 23:26:48', '2021-08-25 23:26:48'),
(703, 1, 'SOLOSON IMPORT, C.A.', 'ALMACEN', 'DESIREE TRUJILLO', 'DESPACHAR A RRHH', NULL, '2021-08-25 23:44:40', '2021-08-25 23:44:40'),
(704, 1, 'INVERSIONES AQUA NAUTICA, C.A.', 'ALMACEN', 'DESIREE TRUJILLO', 'DESPACHAR AL DPTO NAUTICA', NULL, '2021-08-25 23:57:18', '2021-08-25 23:57:18'),
(705, 1, 'ANULADA', 'ALMACEN', 'DESIREE TRUJILLO', 'NO HAY DISPONIBILIDAD TALLA 33', NULL, '2021-08-27 21:13:45', '2021-08-27 21:13:45'),
(706, 1, 'SUPLIDORA VKV 200, C.A.', 'ALMACEN', 'DESIREE TRUJILLO', 'CLIENTE RETIRA', NULL, '2021-08-30 19:32:11', '2021-08-30 19:32:11'),
(707, 1, 'ALEXZONI SANCHEZ (INVERSIONES ARAGUA)', 'ALMACEN', 'DESIREE TRUJILLO', 'MATERIAL POP', NULL, '2021-08-30 19:47:34', '2021-08-30 19:47:34'),
(708, 1, 'TIENDAS CIRO, C.A.', 'ALMACEN', 'DESIREE TRUJILLO', 'DESPACHAR CLIENTE', NULL, '2021-08-30 23:07:53', '2021-08-30 23:07:53'),
(709, 1, 'MULTISERVICIOS Y VENTAS FUTUR 2020, C.A.', 'ALMACEN', 'DESIREE TRUJILLO', 'RECLAMO NO PROCEDE. DEVOLVER AL CLIENTE', NULL, '2021-09-02 21:47:28', '2021-09-02 21:47:28'),
(710, 1, 'Liliana Salazar', 'sistema', 'gustavo nouel', 'entregar Liliana Salazar', NULL, '2021-09-03 00:23:44', '2021-09-03 00:23:44'),
(711, 1, 'CESAR BRAVO', 'ALMACEN', 'DESIREE TRUJILLO', 'ENTREGAR AL SR. VICTOR SALAZAR', NULL, '2021-09-06 22:22:51', '2021-09-06 22:22:51'),
(712, 1, 'MINISTERIO DEL PODER POPULAR PARA LA DEFENSA', 'ALMACEN', 'DESIREE TRUJILLO', 'DESPACHAR A LA Sra. GISELA', NULL, '2021-09-06 22:37:05', '2021-09-06 22:37:05'),
(713, 1, 'LUISA CASTRO', 'ALMACEN', 'DESIREE TRUJILLO', 'Entregar a la Sra. LUISA CASTRO', NULL, '2021-09-08 16:59:05', '2021-09-08 16:59:05'),
(714, 1, 'BM SMITH, C.A.', 'ALMACEN', 'DESIREE TRUJILLO', 'MATERIAL POP', NULL, '2021-09-08 17:01:03', '2021-09-08 17:01:03'),
(715, 1, 'SOLOSON IMPORT, C.A.', 'ALMACEN', 'DESIREE TRUJILLO', 'DESPACHAR A RRHH', NULL, '2021-09-09 18:54:22', '2021-09-09 18:54:22'),
(718, 1, 'Raul Grijalva', 'Sistema', 'Gustavo Nouel', NULL, NULL, '2021-09-09 21:57:46', '2021-09-09 21:57:46'),
(719, 1, 'BM SMITH, C.A.', 'ALMACEN', 'DESIREE TRUIJILLO', 'MATERIAL POP', NULL, '2021-09-10 17:42:48', '2021-09-10 17:42:48'),
(720, 1, 'BM Smith, C.A.', 'TECNOLOGIA', 'JOEL PEREZ SARRAMEDA', 'TRASLADO DE EQUIPOS DE AUDIO VISUAL PARA EVENTO EN', NULL, '2021-09-11 14:12:20', '2021-09-10 14:12:20'),
(721, 1, 'CARLOS MEZA', 'TECNOLOGIA', 'JOEL PEREZ', 'RETIRO DE EQUIPO PERSONAL', NULL, '2021-09-13 23:45:17', '2021-09-13 23:45:17'),
(722, 1, 'MOTO SHOP LAS DELICIAS, C.A.', 'ALMACEN', 'DESIREE TRUJILLO', 'ATENDER CASO A-877.', NULL, '2021-09-15 15:43:25', '2021-09-15 15:43:25'),
(723, 1, 'CORPORACION MOTORIENTE, C.A.', 'ALMACEN', 'DESIREE TRUJILLO', 'ATENDER CASO A-885', NULL, '2021-09-15 16:08:05', '2021-09-15 16:08:05'),
(724, 1, 'GRUPO BERETTA C.A', 'ALMACEN', 'ALBERTO PRADA', 'PARA FACTURAR POSTERIORMENTE', NULL, '2021-09-16 18:37:21', '2021-09-15 18:37:21'),
(725, 1, 'MOTO REPUESTOS GELA C.A.', 'ALMACEN', 'ALBERTO PRADA', 'CAMBIO ', NULL, '2021-09-16 19:32:07', '2021-09-16 19:32:07'),
(726, 1, 'VALENTINO ZOLLI', 'ALMACEN', 'DESIREE TRUJILLO', 'ENTREGA SR VALENTINO MOTOTAP', NULL, '2021-09-21 17:32:14', '2021-09-20 17:32:14'),
(727, 1, 'ISABEL PACHECO', 'TECNOLOGIA', 'JOEL PEREZ', 'ENTREGA DE IMPRESORA PARA PRUEBAS DE RECONVERSION', '1', '2021-09-21 17:44:15', '2021-09-21 17:44:15'),
(728, 1, 'INVER PUNTO', 'ALMACEN', 'DESIREE TRUJILLO', 'MATERIAL POP', '1', '2021-09-21 18:16:46', '2021-09-22 18:16:47'),
(729, 1, 'INVERSIONES ASIS VII CA', 'ALMACEN', 'DESIREE TRUJILLO', 'MATERIAL POP', '1', '2021-09-22 12:05:20', '2021-08-22 12:05:23'),
(730, 1, 'MINISTERIO DE LA DEFENSA', 'ALMACEN', 'DESIRRE TRUJILLO', 'DESPACHAR A GERBER JIMENEZ', '1', '2021-09-23 14:48:13', '2021-10-23 14:48:14'),
(731, 1, 'COMITÉ INTERNACIONAL DE LA CRUZ ROJA', 'ALMACEN', 'DESSIREE TRUJILLO', 'DESPACHO', '30', '2021-09-23 18:15:12', '2021-09-23 18:15:13'),
(732, 1, 'ALCADIA DE ZAMORA', 'ALMACEN', 'DESSIREE TRUJILLO', 'DESPACHO', '1', '2021-09-24 15:04:32', '2021-09-24 15:04:40'),
(733, 1, 'S.T.D. CA', 'ALMACEN', 'DESSIREE TRUJILLO', 'MATERIAL POP', '1', '2021-09-27 20:12:19', '2021-10-27 20:12:19'),
(734, 1, 'ALEX ZONI SANCHEZ (INVERSIONES ARAGUA)', 'ALMACEN', 'DESSIREE TRUJILLO', 'MATERIAL POP', '1', '2021-09-27 20:13:58', '2021-10-27 20:13:58'),
(735, 1, 'MOTO TRANSFORMERS', 'ALMACEN', 'ALBERTO PRADA', 'CANALIZAR DESPACHO CON MOTOS', '1', '2021-09-27 20:55:15', '2021-12-27 20:55:15'),
(736, 1, 'MOTULPOWER JG, C.A.', 'ALMACEN', 'DESSIREE TRUJILLO', 'MATERIAL POP', '1', '0000-00-00 00:00:00', '2021-09-28 19:41:24'),
(737, 1, 'RONAL PEREZ', 'TECNOLOGIA', 'JOEL PEREZ', 'RETIRO DE FUENTE DEPODER PARA REPARACION ', '1', '2021-09-29 11:52:40', '2021-09-29 11:52:40'),
(738, 1, 'INVERSIONES MOTO TRANSFORMER', 'ALMACEN', 'ALBERTO PRADA', 'DESPACHO', '1', '2021-09-29 18:05:55', '2021-09-29 18:05:56'),
(739, 1, 'INTERMARINE', 'ALMACEN', 'ALBERTO PRADA', 'PRESTAMOS PARA INDUCCION', '2', '2021-09-30 14:27:16', '2021-09-30 14:27:17'),
(740, 1, 'Le Tour Bike', 'ALMACEN', 'DESIREE TRUJILLO', 'DESPACHO', '1', '2021-10-01 11:51:54', '2021-10-01 11:51:55'),
(741, 1, 'CORPORACION CEJOTA, C.A.', 'ALMACEN', 'DESIREE TRUJILLO', 'DESPACHAR', '2', '2021-10-01 12:27:30', '2021-10-01 12:27:34'),
(742, 1, 'CORPORACION H6, C.A.', 'ALMACEN', 'DESIREE TRUJILLO', 'DESPACHAR', '3', '2021-10-01 17:49:57', '2021-10-01 17:49:58'),
(743, 1, 'E/S RIO DE JANEIRO', 'ALMACEN', 'DESIREE TRUJILLO', 'Despachar Miguel Flores', '3', '2021-10-01 17:56:10', '2021-10-01 17:56:11'),
(744, 1, 'VALENTINO ZOLLI', 'ALMACEN', 'ALBERTO PRADA', 'DESPACHAR', '1', '2021-10-01 18:45:13', '2021-10-01 18:45:14'),
(745, 1, 'PRUEBA DE SISTEMA ', 'TECNOLOGIA', 'JOEL PEREZ', 'PRUEBA DE  REACTIVACION ', '0', '2021-10-02 22:42:21', '2021-10-02 22:42:21'),
(746, 1, 'LORENZO COMPETICION VENEZUELA, C.A.', 'ALMANCEN', 'DESIREE TRUJILLO', 'DESPACHAR A MOTOTAP', NULL, '2021-10-04 21:11:50', '2021-10-04 21:11:50'),
(747, 1, 'CORPORACION KB, E/S TACHIRA', 'ALMACEN', 'DESIREE TRUJILLO', 'DESPACHAR EN YARACUY', NULL, '2021-10-05 23:17:19', '2021-10-05 23:17:19'),
(748, 2, 'CORPORACION KB, E/ PAEZ II', 'ALMACEN', 'DESIREE TRUJILLO', 'DESPACHAR EN ACARIGUA', NULL, '2021-10-05 23:20:51', '2021-10-05 23:20:51'),
(749, 2, 'CORPORACION KB, E/S PAEZ I', 'ALMACEN', 'DESIREE TRUJILLO', 'DESPACHAR EN ACARIGUA', NULL, '2021-10-05 23:23:26', '2021-10-05 23:23:26'),
(750, 1, 'OSCAR GOMEZ', 'ALMACEN', 'DESIREE TRUJILLO', 'RECLAMO A-906, NO PROCEDE BATERIA BUENA', NULL, '2021-10-06 16:49:23', '2021-10-06 16:49:23'),
(751, 1, 'GLOBAL VEN IMPORT & EXPORT, C.A.', 'ALMACEN', 'DESIREE TRUJILLO', 'MATERIAL POP', NULL, '2021-10-07 16:38:28', '2021-10-07 16:38:28'),
(752, 1, 'INVERSIONES MOTO TRANSFORMER, C.A.', 'ALMACEN', 'DESIREE TRUJILLO', 'MATERIAL CKD', NULL, '2021-10-07 16:41:12', '2021-10-07 16:41:12'),
(755, 1, 'Soloson II', 'sistema', 'Gustavo Nouel', 'entregar a Da Silva', NULL, '2021-10-08 16:17:08', '2021-10-08 16:17:08'),
(756, 1, 'Gustavo Nouel', 'Sistema', 'Richard Colmenares', NULL, NULL, '2021-10-08 23:38:33', '2021-10-08 23:38:33'),
(757, 1, 'SOLOSON IMPORT, C.A.', 'ALMACEN', 'DESIREE TRUJILLO', 'MATERIAL POP-INDUCION', NULL, '2021-10-11 18:03:03', '2021-10-11 18:03:03'),
(758, 1, 'SOLOSON II', 'ALMACEN', 'DESIREE TRUJILLO', 'TRASLADO DE MERCANCIA', NULL, '2021-10-11 18:30:12', '2021-10-11 18:30:12'),
(759, 1, 'SOLOSON II', 'ALMACEN', 'DESIREE TRUJILLO', 'TRASLADO DE MERCANCIA', NULL, '2021-10-11 22:25:40', '2021-10-11 22:25:40'),
(760, 1, 'FERRETERIA IP-5, C.A.', 'ALMACEN', 'DESIREE TRUJILLO', 'DESPACHAR AL CLIENTE. SOLICITADO SAMUEL SOTO', NULL, '2021-10-13 19:10:26', '2021-10-13 19:10:26'),
(761, 1, 'FERRETERIA IP-5, C.A.', 'ALMACEN', 'DESIREE TRUJILLO', 'CALIDAD PRESTAMO, SOLICITADO SRA. JUDITH', NULL, '2021-10-13 19:14:46', '2021-10-13 19:14:46'),
(762, 1, 'MOTOTAP', 'TECNOLOGIA', 'JOEL PEREZ', 'CAJA DE FUENTE DE PODER DEL PLOTTER', NULL, '2021-10-13 20:35:41', '2021-10-13 20:35:41'),
(763, 1, 'INVERSIONES REPRESEN Y MAQUINARIAS GUERRA, C.A.', 'ALMACEN', 'DESIREE TRUJILLO', 'COMPLEMENTO DESPACHO DE MOTOSIERRA 9100', NULL, '2021-10-13 22:02:42', '2021-10-13 22:02:42'),
(764, 1, 'INVERSIONES ONIX 24, C.A.', 'ALMACEN', 'DESIREE TRUJILLO', 'MATERIAL CKD', NULL, '2021-10-14 00:13:57', '2021-10-14 00:13:57');

-- --------------------------------------------------------

--
-- Estructura de tabla para la tabla `invoice_items`
--

CREATE TABLE `invoice_items` (
  `invoice_id` int(10) UNSIGNED DEFAULT NULL,
  `product_id` int(10) UNSIGNED DEFAULT NULL,
  `codigo` varchar(50) COLLATE utf8mb4_unicode_ci DEFAULT NULL,
  `quantity` decimal(10,2) DEFAULT NULL,
  `bulto` varchar(50) COLLATE utf8mb4_unicode_ci DEFAULT NULL,
  `descripcion` varchar(50) COLLATE utf8mb4_unicode_ci DEFAULT NULL,
  `uv` varchar(50) COLLATE utf8mb4_unicode_ci DEFAULT NULL,
  `created_at` timestamp NULL DEFAULT NULL,
  `updated_at` timestamp NULL DEFAULT NULL
) ENGINE=InnoDB DEFAULT CHARSET=utf8mb4 COLLATE=utf8mb4_unicode_ci;

--
-- Volcado de datos para la tabla `invoice_items`
--

INSERT INTO `invoice_items` (`invoice_id`, `product_id`, `codigo`, `quantity`, `bulto`, `descripcion`, `uv`, `created_at`, `updated_at`) VALUES
(24, 3, '1000064', '90.00', '90', '3000 20W50 4T 12x1L', 'BTO', '2021-02-01 21:39:50', '2021-02-01 21:39:50'),
(24, 3, '10027559', '1.00', '1', 'SACA JH-706E CAUCHO JH-706E SOLLIF', 'BTO', '2021-02-01 21:39:50', '2021-02-01 21:39:50'),
(24, 3, '10027557', '1.00', '1', 'BALANCEADORA JH-60C SOLLIFT', 'BTO', '2021-02-01 21:39:50', '2021-02-01 21:39:50'),
(25, 2, '10024663', '1.00', 'BULTO', 'SPW1900E HIDROJET 120 1600W', 'UN', '2021-02-01 21:55:56', '2021-02-01 21:55:56'),
(26, 3, '1000064', '90.00', 'BULTO', '3000 20W50 4T 12X1L', 'CA', '2021-02-02 15:34:34', '2021-02-02 15:34:34'),
(27, 3, '1000008', '90.00', 'BULTO', '5100 15W50 4T 12X1L', 'CA', '2021-02-02 16:05:39', '2021-02-02 16:05:39'),
(27, 3, 'POP', '10.00', 'BULTO', 'EXHIBIDOR MOTUL', 'BTO', '2021-02-02 16:05:39', '2021-02-02 16:05:39'),
(27, 3, '1000061', '90.00', 'BULTO', '2000 MGRD 20W50 12x1L', 'CA', '2021-02-02 16:05:39', '2021-02-02 16:05:39'),
(28, 3, 'S/C', '1.00', 'BULTO', 'EXHIBIDOR DE BATERIA DE AUTO', 'UN', '2021-02-02 18:40:52', '2021-02-02 18:40:52'),
(29, 3, '10028985', '50.00', 'BULTO', 'PINTURA BLANCA SOL PAINT CUÑETE DE 5 GALONES', 'UN', '2021-02-03 15:40:40', '2021-02-03 15:40:40'),
(29, 3, '10026539', '50.00', 'BULTO', 'CAUCHO 185/60R14 TRACMAX', 'UN', '2021-02-03 15:40:40', '2021-02-03 15:40:40'),
(29, 3, '10026922', '50.00', 'BULTO', 'CAUCHO 195/65/R15 MASSE 290 NAMA', 'UN', '2021-02-03 15:40:40', '2021-02-03 15:40:40'),
(30, 3, '1000064', '90.00', 'BULTO', '3000 20W50 4T 12x1L', 'CA', '2021-02-03 16:06:43', '2021-02-03 16:06:43'),
(31, 3, '10024663', '1.00', 'BULTO', '10024663 SPW 1900E HIDROJET 120 1600W', 'UN', '2021-02-03 16:35:08', '2021-02-03 16:35:08'),
(35, 2, '100380', '1.00', '1', 'bicicleta mtb r26 amt20526', 'BTO', '2021-02-03 18:58:54', '2021-02-03 18:58:54'),
(36, 3, '10027462', '1.00', '1', 'MOTOR FUERA DE BORDA DF300APXM20 300 HP BLC SUZU', 'UN', '2021-02-03 19:14:08', '2021-02-03 19:14:08'),
(36, 3, '10027463', '1.00', '1', 'MOTOR FUERA DE BORDA DF300APXM20 300HP CR BLC', 'UN', '2021-02-03 19:14:08', '2021-02-03 19:14:08'),
(36, 3, '10026554', '2.00', '2', 'MOTOR FUERA DE BORDA DF 300APXXM20 300HP SUZUKI', 'UN', '2021-02-03 19:14:08', '2021-02-03 19:14:08'),
(36, 3, '10026905', '20.00', '20', 'DESMALEZADORA GSLN SPD430S2 SOLPOWER', 'UN', '2021-02-03 19:14:08', '2021-02-03 19:14:08'),
(37, 3, '10027462', '1.00', '1', 'MOTOR FUERA BORDA DF300APXM20 300HP BLC SUZU', 'UN', '2021-02-03 22:55:01', '2021-02-03 22:55:01'),
(37, 3, '10027463', '1.00', '1', 'MOTOR FUERA BORDA DF 300APXM20 300HP CR BLC', 'UN', '2021-02-03 22:55:01', '2021-02-03 22:55:01'),
(38, 3, 'S/C', '1.00', '1', 'EXHIBIDOR MOTUL ROJO', 'UN', '2021-02-03 23:00:41', '2021-02-03 23:00:41'),
(39, 3, 'S/C', '15.00', '15', 'PALETA DE MADERA', 'UN', '2021-02-04 15:03:55', '2021-02-04 15:03:55'),
(40, 3, '10026905', '20.00', '20', 'DESMALEZADORA GSLN  SPD430S2 SOLPOWER', 'UN', '2021-02-04 15:35:29', '2021-02-04 15:35:29'),
(40, 3, '10026497', '50.00', '50', 'CAUCHO 175/70 R13 82T 109 TRACMAX', 'UN', '2021-02-04 15:35:29', '2021-02-04 15:35:29'),
(40, 3, '10028572', '50.00', '50', 'CAUCHO 350-10 TL 8PR SOLPART', 'UN', '2021-02-04 15:35:29', '2021-02-04 15:35:29'),
(41, 3, 'S/C', '480.00', '8', 'ROMAL HJ 150 C.K.D.', 'UN', '2021-02-04 15:43:00', '2021-02-04 15:43:00'),
(42, 3, 'S/C', '479.00', '4', 'TROMPO DE HJ150', 'UN', '2021-02-04 16:58:37', '2021-02-04 16:58:37'),
(43, 1, '10028968', '1.00', '1', 'BOMBILLO LED A60 9W 3000K', 'UN', '2021-02-04 19:05:16', '2021-02-04 19:05:16'),
(43, 1, '10028969', '1.00', '1', 'BOMBILLO LED A60 12W 3000K', 'UN', '2021-02-04 19:05:16', '2021-02-04 19:05:16'),
(43, 1, '10028970', '1.00', '1', 'BOMBILLO LED A60 9W 6500K', 'UN', '2021-02-04 19:05:16', '2021-02-04 19:05:16'),
(43, 1, '10028971', '1.00', '1', 'BOMBILLO LED A60 12W 6500K', 'UN', '2021-02-04 19:05:16', '2021-02-04 19:05:16'),
(43, 1, '10028972', '1.00', '1', 'PANEL LED REDONDO SLIM 12W 6500K', 'UN', '2021-02-04 19:05:16', '2021-02-04 19:05:16'),
(43, 1, '10028973', '1.00', '1', 'PANEL LED REDONDO SLIM 18W 6500K', 'UN', '2021-02-04 19:05:16', '2021-02-04 19:05:16'),
(43, 1, '10028974', '1.00', '1', 'PANEL LED CUADRADO SLIM 12W 6500K', 'UN', '2021-02-04 19:05:16', '2021-02-04 19:05:16'),
(43, 1, '10028976', '1.00', '1', 'PANEL LED SUPERFICIE REDONDA 12W 6500K', 'UN', '2021-02-04 19:05:16', '2021-02-04 19:05:16'),
(43, 1, '10028977', '1.00', '1', 'PANEL LED SUPERFICIE REDONDA 18W 6500K', 'UN', '2021-02-04 19:05:16', '2021-02-04 19:05:16'),
(43, 1, '10028978', '1.00', '1', 'PANEL LED SUPERFICIE CUADRADA 12W 6500K', 'UN', '2021-02-04 19:05:16', '2021-02-04 19:05:16'),
(43, 1, '10028979', '1.00', '1', 'PANEL LED SUPERFICIE CUADRADA 18W 6500K', 'UN', '2021-02-04 19:05:16', '2021-02-04 19:05:16'),
(43, 1, '10028980', '1.00', '1', 'BOMBILLA LED T150 100W 6500K', 'UN', '2021-02-04 19:05:16', '2021-02-04 19:05:16'),
(43, 1, '10028981', '1.00', '1', 'FARO LED E40W 6500K', 'UN', '2021-02-04 19:05:16', '2021-02-04 19:05:16'),
(43, 1, '10028982', '1.00', '1', 'FARO LED SOLAR E60W 6500K', 'UN', '2021-02-04 19:05:16', '2021-02-04 19:05:16'),
(43, 1, '10028983', '1.00', '1', 'BOMBILLO EMERGENCIA 9W 6500K', 'UN', '2021-02-04 19:05:16', '2021-02-04 19:05:16'),
(43, 1, '10028975', '1.00', '1', 'PANEL LED CUADRADO SLIM 18W 6500K', 'UN', '2021-02-04 19:05:16', '2021-02-04 19:05:16'),
(44, 3, '10026543', '20.00', '20', 'CAUCHO 235/75R15 109TXL AT01 TRACMAX U', 'UN', '2021-02-04 19:51:50', '2021-02-04 19:51:50'),
(44, 3, '10026500', '20.00', '20', 'CAUCHO 195R14C 106/104Q RF09 TRACMAX', 'UN', '2021-02-04 19:51:50', '2021-02-04 19:51:50'),
(45, 3, '99ODO-ALTC1-038', '1.00', '1', 'MALETA SUZUKI ALUMINIO', 'UN', '2021-02-04 21:49:44', '2021-02-04 21:49:44'),
(46, 3, 'S/C', '1.00', '1', 'EXHIBIDOR DE BATERIA', 'UN', '2021-02-04 21:57:37', '2021-02-04 21:57:37'),
(47, 3, 'SB10030080', '1.00', '1', 'BICICLETA MTB R26 21V DISC BAKE GSTD GRIS/NARANJAU', 'UN', '2021-02-04 23:21:14', '2021-02-04 23:21:14'),
(48, 3, 'S/C', '1.00', '1', 'FUMIGADORA DE CHASIS', 'UN', '2021-02-04 23:40:54', '2021-02-04 23:40:54'),
(49, 3, '10026501', '50.00', '50', 'CAUCHO (EX) 205/55R16 91V F109 TRACMAX', 'UN', '2021-02-05 15:33:05', '2021-02-05 15:33:05'),
(49, 3, '10028560', '50.00', '50', 'CACUHO 150/70B17 K678 TL H M+S E4', 'UN', '2021-02-05 15:33:05', '2021-02-05 15:33:05'),
(49, 3, '10028564', '50.00', '50', 'CACUHO 110/80B19 K678F TL 59 H M+S E4', 'UN', '2021-02-05 15:33:05', '2021-02-05 15:33:05'),
(49, 3, '1000058', '1.00', '1', 'TEKMA MEGA XLD 15W40 208L TAMBORES', 'UN', '2021-02-05 15:33:05', '2021-02-05 15:33:05'),
(50, 3, '10026907', '10.00', '10', 'FUMIGADORA ESPALDA GSLN SPFW20A', 'UN', '2021-02-05 17:34:48', '2021-02-05 17:34:48'),
(51, 3, 'S/C', '3.00', '3', 'CESTA METALICA PARA TRICILCO', 'UN', '2021-02-05 19:31:52', '2021-02-05 19:31:52'),
(59, 3, 'S/C', '1.00', '1', 'EXHIBIDOR MOTUL ROJO', 'UN', '2021-02-05 22:54:25', '2021-02-05 22:54:25'),
(60, 3, '10026539', '50.00', '50', 'CAUCHO 185/60R14', 'UN', '2021-02-08 15:55:43', '2021-02-08 15:55:43'),
(60, 3, '10030002', '25.00', '25', 'PAPEL JUMBO TOILET TISSUE 8 UND', 'UN', '2021-02-08 15:55:43', '2021-02-08 15:55:43'),
(60, 3, '10030003', '25.00', '25', 'TOALLLIN ABSORENT KITCHEN PAPER 24 UND', 'UN', '2021-02-08 15:55:43', '2021-02-08 15:55:43'),
(61, 3, 'S/C', '9.00', '9', 'PALETAS DE MADERA', 'UN', '2021-02-08 16:01:07', '2021-02-08 16:01:07'),
(62, 3, 'S/C', '1.00', '2', 'MOTOR DF 350 DAÑADO', 'UN', '2021-02-08 22:39:39', '2021-02-08 22:39:39'),
(63, 3, '100006', '90.00', '90', '2100 PERFORMANCE 15W40 12X1L', 'UN', '2021-02-09 15:48:08', '2021-02-09 15:48:08'),
(63, 3, '1000064', '90.00', '90', '3000 20W50 4T', 'UN', '2021-02-09 15:48:08', '2021-02-09 15:48:08'),
(63, 3, '1000008', '90.00', '90', '5100 15W50 4T 12X1L', 'UN', '2021-02-09 15:48:08', '2021-02-09 15:48:08'),
(64, 3, 'S/C', '4.00', '1', 'CESTA METALICA DE TRICICLO', 'UN', '2021-02-09 16:20:24', '2021-02-09 16:20:24'),
(65, 2, 'S/C', '42.00', '3', 'RINES 2.15x18', 'UN', '2021-02-09 18:36:41', '2021-02-09 18:36:41'),
(65, 2, 'S/C', '42.00', '4', 'RINES 1.60x21', 'UN', '2021-02-09 18:36:41', '2021-02-09 18:36:41'),
(66, 2, '10012717', '20.00', '20', 'BOMBI 4121XW H4 12V 60/55W P43T BLC', 'UN', '2021-02-10 00:01:55', '2021-02-10 00:01:55'),
(67, 3, '10030711', '50.00', '50', 'CAUCHO 90/90-18 TT SOLPART', 'UN', '2021-02-10 15:57:37', '2021-02-10 15:57:37'),
(67, 3, '10028573', '50.00', '50', 'CAUCHO 275-18 TT 8PR SOLPART', 'UN', '2021-02-10 15:57:37', '2021-02-10 15:57:37'),
(67, 3, '10028569', '50.00', '50', 'CAUCHO 110/90-16TL 8PR SOLPART', 'UN', '2021-02-10 15:57:37', '2021-02-10 15:57:37'),
(67, 3, '10030712', '50.00', '50', 'CAUCHO 90/90-12 TL SOLPART', 'UN', '2021-02-10 15:57:37', '2021-02-10 15:57:37'),
(67, 3, '10026857', '20.00', '20', 'CAUCHO (EX) 750R16 NA02 NAMA', 'UN', '2021-02-10 15:57:37', '2021-02-10 15:57:37'),
(68, 3, 'S/C', '1.00', '1', 'EXHIBIDOR MOTUL ROJO', 'UN', '2021-02-10 16:15:26', '2021-02-10 16:15:26'),
(69, 3, 'S/C', '3.00', '1', 'CESTA METALICA, ACCESORIO TRICICLO', 'UN', '2021-02-10 21:12:24', '2021-02-10 21:12:24'),
(70, 2, '10028985', '2.00', '2', 'PINTURA BLANCO CAUCHO SOL PAINT CUÑETE 5GAL', 'UN', '2021-02-10 22:32:48', '2021-02-10 22:32:48'),
(71, 3, 'S/C', '1.00', '1', 'EXHIBIDOR DE BATERIA DE CARRO', 'UN', '2021-02-10 22:47:30', '2021-02-10 22:47:30'),
(72, 3, '10026497', '70.00', '70', 'CAUCHO (EX) 175/70R13 82T 109 TRACMAX', 'UN', '2021-02-11 15:43:55', '2021-02-11 15:43:55'),
(72, 3, '10025462', '50.00', '50', 'CAUCHO KS1106 90/90-21 TT SOLPART', 'UN', '2021-02-11 15:43:55', '2021-02-11 15:43:55'),
(72, 3, '10028985', '25.00', '25', 'PINTURA CAUCHO BLANCO SOL PAINT', 'UN', '2021-02-11 15:43:55', '2021-02-11 15:43:55'),
(72, 3, '10028984', '25.00', '25', 'PINTURA CAUCHO BLANCO SOL PAINT', 'UN', '2021-02-11 15:43:55', '2021-02-11 15:43:55'),
(74, 3, 'S/C', '1.00', '1', 'MANILLA ROCIADOR DE ESPALDA', 'UN', '2021-02-11 15:54:30', '2021-02-11 15:54:30'),
(75, 3, '10024682', '10.00', '10', 'ROCIADOR SPF168-30CH FUMIGADORA CHASIS', 'UN', '2021-02-11 16:01:45', '2021-02-11 16:01:45'),
(75, 3, '10026853', '10.00', '10', 'SPBX30G BOMBA AGUA 3X3', 'UN', '2021-02-11 16:01:45', '2021-02-11 16:01:45'),
(76, 3, '10024911', '100.00', '100', 'CAUCHO 3.60-18 57P K266 6P TL KENDA', 'UN', '2021-02-12 15:56:01', '2021-02-12 15:56:01'),
(76, 3, '10026497', '60.00', '60', 'CAUCHO (EX) 175/70R13 82T 109 TRACMAX', 'UN', '2021-02-12 15:56:01', '2021-02-12 15:56:01'),
(76, 3, '10028984', '25.00', '25', 'PINTURA SOL PAINT 18 LT BLANCO', 'UN', '2021-02-12 15:56:01', '2021-02-12 15:56:01'),
(76, 3, '1000006', '90.00', '90', '2100 PERFORMANCE 15W40 12X1L CAJAS', 'UN', '2021-02-12 15:56:01', '2021-02-12 15:56:01'),
(76, 3, '1000064', '90.00', '90', '3000 20W50', 'UN', '2021-02-12 15:56:01', '2021-02-12 15:56:01'),
(76, 3, '1000008', '90.00', '90', '5100 15W50 4T 12X1L', 'UN', '2021-02-12 15:56:01', '2021-02-12 15:56:01'),
(77, 3, '1000055', '25.00', '25', '6100 SYNERGIE 10W40 4X4L', 'UN', '2021-02-12 16:17:02', '2021-02-12 16:17:02'),
(78, 1, '1000064', '1.00', '1', '3000 20W50 4T 12X1L', 'UN', '2021-02-12 23:36:09', '2021-02-12 23:36:09'),
(79, 3, '10024908', '90.00', '50', 'CAUCHO 4.60-17 61P K270 4P E11 KENDA', 'UN', '2021-02-17 13:14:58', '2021-02-17 13:14:58'),
(79, 3, '10030708', '90.00', '50', 'CAUCHO 120/80-16 60 P K430 4P TL KENDA ', 'UN', '2021-02-17 13:14:58', '2021-02-17 13:14:58'),
(79, 3, '10030709', '90.00', '50', 'CAUCHO 110/90-16 65 P K340 6P TL KENDA ', 'UN', '2021-02-17 13:17:39', '2021-02-17 13:17:39'),
(79, 3, '10030710', '90.00', '50', 'CAUCHO 100/80-16 56P 6PR TL K763', 'UN', '2021-02-17 13:19:07', '2021-02-17 13:19:07'),
(79, 3, '10028985', '90.00', '25', 'PINTURA DE CAUCHO SUPERIOR SOLPAINT CLASE A 20 Ltr', 'UN', '2021-02-17 13:20:26', '2021-02-17 13:20:26'),
(80, 3, '10024908', '50.00', '50', 'CAUCHO 4.60-17 61P K270 4P E11 KENDA', 'UN', '2021-02-17 13:11:08', '2021-02-17 13:11:08'),
(80, 3, '10030708', '50.00', '50', 'CAUCHO 120/80-16 60 P K430 4P TL KENDA ', 'UN', '2021-02-17 13:14:58', '2021-02-17 13:14:58'),
(80, 3, '10030709', '50.00', '50', 'CAUCHO 110/90-16 65 P K340 6P TL KENDA ', 'UN', '2021-02-17 13:17:39', '2021-02-17 13:17:39'),
(80, 3, '10030710', '50.00', '50', 'CAUCHO 100/80-16 56P 6PR TL K763', 'UN', '2021-02-17 13:19:07', '2021-02-17 13:19:07'),
(80, 3, '10028985', '25.00', '25', 'PINTURA DE CAUCHO SUPERIOR SOLPAINT CLASE A 20 Ltr', 'UN', '2021-02-17 13:20:26', '2021-02-17 13:20:26'),
(89, 3, '10026497', '100.00', '100', 'CAUCHO (EX) 175/70R13 82T 109 TRACMAX', 'UN', '2021-02-18 15:48:02', '2021-02-18 15:48:02'),
(89, 3, '1000064', '90.00', '90', '3000 20W50 4T 12X1L AL', 'CA', '2021-02-18 15:48:02', '2021-02-18 15:48:02'),
(89, 3, '1000006', '90.00', '90', '2100 PERFORMANCE 15W40 12X1L CAJAS', 'CA', '2021-02-18 15:48:02', '2021-02-18 15:48:02'),
(89, 3, '1000008', '90.00', '90', '5100 15W50 4T 12X1L', 'CA', '2021-02-18 15:48:02', '2021-02-18 15:48:02'),
(90, 2, '10014146', '10.00', '10', 'CINCHA 78-73356 NG SET `S` 2PZA EMGO', 'PAQ', '2021-02-18 18:37:55', '2021-02-18 18:37:55'),
(91, 2, '10015752', '6.00', '6', 'CAUCHO 130/80-17 65H 591 ESCAPE', 'UN', '2021-02-18 18:51:09', '2021-02-18 18:51:09'),
(91, 2, '10015751', '6.00', '6', 'CAUCHO 90/90-21 TL 54H M/C 610 ESCAPE', 'UN', '2021-02-18 18:51:09', '2021-02-18 18:51:09'),
(91, 2, '10028142', '1.00', '1', 'BATERIA 12N7-4A 1X6 SOLBATTERY', 'CA', '2021-02-18 18:51:09', '2021-02-18 18:51:09'),
(91, 2, '10028569', '6.00', '6', 'CAUCHO 110/90-16 TL 8PR SOLPART', 'UN', '2021-02-18 18:51:09', '2021-02-18 18:51:09'),
(91, 2, '10016158', '6.00', '6', 'CADENA 525H134L SOLCHAIN', 'UN', '2021-02-18 18:51:09', '2021-02-18 18:51:09'),
(95, 3, '09916-67011', '1.00', '1', 'SOSTEN ALZA VALVULA', 'UN', '2021-02-18 21:20:28', '2021-02-18 21:20:28'),
(95, 3, '09944-09810', '2.00', '2', 'HERRAMIENTA TAPA CILINDRO TRIM', 'UN', '2021-02-18 21:20:28', '2021-02-18 21:20:28'),
(95, 3, '09941-64511', '1.00', '1', 'EXTRACTOR ROLINERA Y SELLO', 'UN', '2021-02-18 21:20:28', '2021-02-18 21:20:28'),
(95, 3, '09900-20202', '1.00', '1', 'MICROMETRO', 'UN', '2021-02-18 21:20:28', '2021-02-18 21:20:28'),
(95, 3, '09930-30161', '1.00', '1', 'ACOPLE C', 'UN', '2021-02-18 21:20:28', '2021-02-18 21:20:28'),
(95, 3, '09912-58432', '1.00', '1', 'MANGUERA PRESION GASOLINA', 'UN', '2021-02-18 21:20:28', '2021-02-18 21:20:28'),
(95, 3, '09930-76311', '2.00', '2', 'LUZ DE TIEMPO', 'UN', '2021-02-18 21:20:28', '2021-02-18 21:20:28'),
(95, 3, '09951-19830', '1.00', '1', 'EXTRACTOR RETEN EJE PROPELA', 'UN', '2021-02-18 21:20:28', '2021-02-18 21:20:28'),
(95, 3, '09900-20530', '1.00', '1', 'MEDIDOR CILINDRO', 'UN', '2021-02-18 21:20:28', '2021-02-18 21:20:28'),
(95, 3, '09930-89350', '1.00', '1', 'ACOPLE CABLE BUJIA', 'UN', '2021-02-18 21:20:28', '2021-02-18 21:20:28'),
(95, 3, '09900-26006', '1.00', '1', 'TACOMETRO DIGITAL', 'UN', '2021-02-18 21:20:28', '2021-02-18 21:20:28'),
(95, 3, '09900-20204', '1.00', '1', 'MICROMETRO', 'UN', '2021-02-18 21:20:28', '2021-02-18 21:20:28'),
(95, 3, '09900-22303', '3.00', '3', 'PLASTI GAUGE', 'UN', '2021-02-18 21:20:28', '2021-02-18 21:20:28'),
(110, 3, '10026501', '20.00', NULL, 'CAUCHO (EX) 205/55R16 91V F109 TRACMAX', 'UN', '2021-02-19 18:46:34', '2021-02-19 18:46:34'),
(111, 3, '10026495', '21.00', '21', 'CAUCHO (EX) 165/70R13 79T 109 TRACMAX', 'UN', '2021-02-19 18:50:02', '2021-02-19 18:50:02'),
(111, 3, '10028572', '20.00', '20', 'CAUCHO 350-10 TL 8PR SOLPART', 'UN', '2021-02-19 18:50:02', '2021-02-19 18:50:02'),
(115, 3, '10028985', '50.00', '50', 'PINTURA DE CAUCHO SUPERIOR SOLPAINT CLASE A 20 Ltr', 'UN', '2021-02-19 18:58:21', '2021-02-19 18:58:21'),
(115, 3, '10028984', '25.00', '25', 'PINTURA DE CAUCHO SUPERIOR SOLPAINT CLASE A 18 Ltr', 'UN', '2021-02-19 18:58:21', '2021-02-19 18:58:21'),
(116, 3, '10026505', '30.00', '30', 'CAUCHO (EX) 245/65R17 111HXL H/T TRACMAX', 'UN', '2021-02-22 16:03:21', '2021-02-22 16:03:21'),
(116, 3, '10026539', '60.00', '60', 'CAUCHO (EX) 185/60R14 82H F109 TRACMAX', 'UN', '2021-02-22 16:03:21', '2021-02-22 16:03:21'),
(116, 3, '10026496', '60.00', '60', 'CAUCHO (EX) 175/65R14 82H 109 TRACMAX', 'UN', '2021-02-22 16:03:21', '2021-02-22 16:03:21'),
(116, 3, '10025525', '6.00', '6', 'CAUCHO 11.00R20 NA02 NAMA', NULL, '2021-02-22 16:03:21', '2021-02-22 16:03:21'),
(116, 3, '10030010', '80.00', '80', 'PAPEL TISSUE PAQUETE 4 UND X 20', NULL, '2021-02-22 16:03:21', '2021-02-22 16:03:21'),
(116, 3, '10030003', '10.00', '10', 'TOALLIN ABSORBENTE KITCHEN PAPER', NULL, '2021-02-22 16:03:21', '2021-02-22 16:03:21'),
(117, 3, '23', '10.00', '10', 'ACEITECAM 2 20W/50', 'UN', '2021-02-22 16:07:42', '2021-02-22 16:07:42'),
(118, 3, 'S C', '20.00', '20', 'Paletas Vacias', NULL, '2021-02-22 16:36:15', '2021-02-22 16:36:15'),
(119, 3, '10026543', '30.00', '30', 'CAUCHO(EX) 235/75R15 109TXL AT01 TRACMAX', 'UN', '2021-02-22 17:03:23', '2021-02-22 17:03:23'),
(120, 3, '10026505', '16.00', '16', 'CAUCHO (EX) 245/65R17 111HXL H/T TRACMAX', 'UN', '2021-02-22 17:26:05', '2021-02-22 17:26:05'),
(120, 3, '10026539', '60.00', '60', 'CAUCHO (EX) 185/60R14 82H F109 TRACMAX', 'UN', '2021-02-22 17:26:05', '2021-02-22 17:26:05'),
(120, 3, '10026496', '60.00', '60', 'CAUCHO (EX) 175/65R14 82H 109 TRACMAX', 'UN', '2021-02-22 17:26:05', '2021-02-22 17:26:05'),
(120, 3, '10025525', '1.00', '1', 'CAUCHO (EX) 175/65R14 82H 109 TRACMAX', 'UN', '2021-02-22 17:26:05', '2021-02-22 17:26:05'),
(120, 3, '10030010', '80.00', '80', 'PAPEL TISUUE PAQUETE 4 UND X 20', 'UN', '2021-02-22 17:26:05', '2021-02-22 17:26:05'),
(120, 3, '10030003', '10.00', '10', 'TOALLIN ABSORBENTE KITCHEN PAPER', 'UN', '2021-02-22 17:26:05', '2021-02-22 17:26:05'),
(121, 3, '10026505', '16.00', '16', 'CAUCHO (EX) 245/65R17 111HXL H/T TRACMAX', 'UN', '2021-02-22 17:54:51', '2021-02-22 17:54:51'),
(121, 3, '10026539', '60.00', '60', 'CAUCHO (EX) 185/60R14 82H F109 TRACMAX', 'UN', '2021-02-22 17:54:51', '2021-02-22 17:54:51'),
(121, 3, '10026496', '60.00', '60', 'CAUCHO (EX) 175/65R14 82H 109 TRACMAX', 'UN', '2021-02-22 17:54:51', '2021-02-22 17:54:51'),
(121, 3, '10025525', '1.00', '1', 'CAUCHO 11.00R20 NA02 NAMA', 'UN', '2021-02-22 17:54:51', '2021-02-22 17:54:51'),
(121, 3, '10030010', '80.00', '80', 'PAPEL TISSUE PAQUETE 4 UND X 20', 'UN', '2021-02-22 17:54:51', '2021-02-22 17:54:51'),
(121, 3, '10030003', '10.00', '10', 'TOALLIN ABSORBENTE KITCHEN PAPER', 'UN', '2021-02-22 17:54:51', '2021-02-22 17:54:51'),
(121, 3, '10026924', '20.00', '20', 'CAUCHO(EX) 225/50R17XL 98W MASSE291 NAMA', 'UN', '2021-02-22 17:54:51', '2021-02-22 17:54:51'),
(122, 3, '10028589', '5.00', '1', 'TAPABOCA NEGRO LOGO SUZUKI', 'UN', '2021-02-22 23:07:13', '2021-02-22 23:07:13'),
(123, 3, '10026857', '30.00', '30', 'CAUCHO (EX) 750R16 NA02 NAMA', 'UN', '2021-02-23 16:33:01', '2021-02-23 16:33:01'),
(123, 3, '10026539', '100.00', '100', 'CAUCHO (EX) 185/60R14 82H F109 TRACMAX', 'UN', '2021-02-23 16:33:02', '2021-02-23 16:33:02'),
(123, 3, '10027666', '100.00', '100', 'CAUCHO (EX) 185/70R13 86T 109 TRACMAX', 'UN', '2021-02-23 16:33:02', '2021-02-23 16:33:02'),
(124, 3, '1000064', '90.00', '90', '3000 20W50 4T 12X1L AL', 'UN', '2021-02-23 16:40:58', '2021-02-23 16:40:58'),
(124, 3, '1000008', '90.00', '90', '5100 15W50 4T 12X1L', 'UN', '2021-02-23 16:40:58', '2021-02-23 16:40:58'),
(124, 3, '1000055', '41.00', '41', '6100 SYNERGIE 10W40 4X4L CAJAS', 'UN', '2021-02-23 16:40:58', '2021-02-23 16:40:58'),
(124, 3, '1000006', '90.00', '90', '2100 PERFORMANCE 15W40 12X1L CAJAS', 'UN', '2021-02-23 16:40:58', '2021-02-23 16:40:58'),
(125, 3, '10026857', '30.00', '30', 'CAUCHO (EX) 750R16 NA02 NAMA', 'UN', '2021-02-23 16:44:36', '2021-02-23 16:44:36'),
(125, 3, '10026539', '100.00', '100', 'CAUCHO (EX) 185/60R14 82H F109 TRACMAX', 'UN', '2021-02-23 16:44:36', '2021-02-23 16:44:36'),
(126, 3, 'S C', '9.00', '1', 'PLACAS', 'UN', '2021-02-23 16:54:33', '2021-02-23 16:54:33'),
(127, 3, '10028677', '2.00', '2', 'AA-MCL04152AQ PUENTE HIDRAULICO  MOTO', 'UN', '2021-02-23 16:59:17', '2021-02-23 16:59:17'),
(127, 3, '10027557', '2.00', '2', 'JH-60C / JUNHV 60CS (EX) BALANCEADORA', 'UN', '2021-02-23 16:59:17', '2021-02-23 16:59:17'),
(127, 3, '10009384', '1.00', '1', 'PUENTE MTL-1005 MOTO NEUMATICO 1000 LBS', 'UN', '2021-02-23 16:59:17', '2021-02-23 16:59:17'),
(127, 3, '10026905', '25.00', '25', 'DESMALEZADORA SPD 430 SERIE 2', 'UN', '2021-02-23 16:59:17', '2021-02-23 16:59:17'),
(128, 3, '10026849', '2.00', '2', 'DT30S-K20-NG', 'UN', '2021-02-23 17:01:23', '2021-02-23 17:01:23'),
(129, 3, '1000058', '1.00', '1', 'TEKMA MEGA XLD 15W40 208L TAMBORES', 'UN', '2021-02-23 17:17:54', '2021-02-23 17:17:54'),
(130, 3, 'S C', '1.00', '1', 'ESPALDAR DE SILLA', 'UN', '2021-02-23 19:11:35', '2021-02-23 19:11:35'),
(131, 3, '10026851', '1.00', '1', 'DT40WS-K20-NG', 'UN', '2021-02-23 23:30:50', '2021-02-23 23:30:50'),
(132, 3, '10030006', '30.00', '30', 'SERVILLETAS TALL FOLD MESA', 'UN', '2021-02-24 16:05:21', '2021-02-24 16:05:21'),
(133, 3, '10028569', '1.00', '1', 'CAUCHO 110/90/16 8PR TL SOLPART', 'UN', '2021-02-24 20:03:59', '2021-02-24 20:03:59'),
(134, 3, '10028569', '1.00', '1', 'CAUCHO 110/90/16 8 PR TL SOLPART', 'UN', '2021-02-24 20:05:29', '2021-02-24 20:05:29'),
(135, 3, '10026497', '180.00', '180', 'CAUCHO (EX) 175/70R13 82T 109 TRACMAX', 'UN', '2021-02-25 00:12:02', '2021-02-25 00:12:02'),
(135, 3, '10028570', '30.00', '30', 'CAUCHO 130/60-13 TL 8PR SOLPART', 'UN', '2021-02-25 00:12:02', '2021-02-25 00:12:02'),
(136, 3, '10026853', '15.00', '15', 'SPBX30G BOMBA AGUA 3X3', 'UN', '2021-02-25 00:27:02', '2021-02-25 00:27:02'),
(136, 3, '10026905', '25.00', '25', 'DESMALEZADORA SPD 430 SERIE 2', 'UN', '2021-02-25 00:27:02', '2021-02-25 00:27:02'),
(136, 3, '10024682', '10.00', '10', 'ROCIADOR SPF168-30CH FUMIGADORA CHASIS', 'UN', '2021-02-25 00:27:02', '2021-02-25 00:27:02'),
(137, 3, '10019312', '1.00', '1', 'CANDADO U9D MINI U URBAN', 'UN', '2021-02-25 17:57:35', '2021-02-25 17:57:35'),
(138, 3, '10024043', '1.00', '1', 'CILINDRO KIT EN125 SOLPART', 'UN', '2021-02-25 18:05:13', '2021-02-25 18:05:13'),
(139, 3, '1000001', '1.00', '1', '8100 X-CESS 5W40 4X5L', 'UN', '2021-02-25 18:12:04', '2021-02-25 18:12:04'),
(140, 3, '10028492', '1.00', '1', 'DT40WL-NG; Motor F/B 40 hp SUZUKI', 'UN', '2021-02-25 18:25:36', '2021-02-25 18:25:36'),
(140, 3, '10026901', '1.00', '1', '; DF175TX-NG; Motor F/B 175 Hp SUZUKI', 'UN', '2021-02-25 18:25:36', '2021-02-25 18:25:36'),
(141, 3, '10030346', '1.00', '1', 'VISERA HJ125S-SPORT SOLPART', 'UN', '2021-02-25 23:10:41', '2021-02-25 23:10:41'),
(142, 3, '10028195', '2.00', '2', 'SILLA JD-2009 PLEGABLE MARINE SZK', 'UN', '2021-02-25 23:58:04', '2021-02-25 23:58:04'),
(142, 3, '10028653', '2.00', '2', 'TOALLAS NAUTICAS SZK', 'UN', '2021-02-25 23:58:04', '2021-02-25 23:58:04'),
(143, 3, '10028193', '2.00', '2', 'JD-2009 SILLA PLEGABLE MOTUL', 'UN', '2021-02-26 00:01:11', '2021-02-26 00:01:11'),
(144, 3, '10028193', '2.00', '2', 'JD-2009 SILLA PLEGABLE MOTUL', 'UN', '2021-02-26 00:29:29', '2021-02-26 00:29:29'),
(144, 1, '10028657', '110.00', '110', 'BOLSA NEGRA LOGO MOTUL', 'UN', '2021-02-26 00:29:29', '2021-02-26 00:29:29'),
(144, 1, '10016983', '1.00', '1', 'ALFOMBRA ROJA LOGO MOTUL GRANDE', 'UN', '2021-02-26 00:29:29', '2021-02-26 00:29:29'),
(144, 1, '10009248', '1.00', '1', 'ALFOMBRA ROJA LOGO MOTUL PEQUEÑA', 'UN', '2021-02-26 00:29:29', '2021-02-26 00:29:29'),
(144, 1, 'S/C', '1.00', '1', 'JUEGO DE RECIBO MOTUL', 'UN', '2021-02-26 00:29:29', '2021-02-26 00:29:29'),
(144, 1, 'S/C', '3.00', '3', 'EXHIBIDOR MOTUL CON LOGO', 'UN', '2021-02-26 00:29:29', '2021-02-26 00:29:29'),
(144, 1, 'S/C', '6.00', '6', 'PIPOTE DE 60LTS', 'UN', '2021-02-26 00:29:29', '2021-02-26 00:29:29'),
(144, 1, '1000061', '3.00', '3', '2000 MGRD 20W50 12X1', 'UN', '2021-02-26 00:29:29', '2021-02-26 00:29:29'),
(144, 1, '1000006', '3.00', '3', '2100 PERFORMANCE 15W40 12X1L', 'UN', '2021-02-26 00:29:29', '2021-02-26 00:29:29'),
(144, 1, '1000042', '3.00', '3', '2100 PROTEC + 10W30 12X1L', 'UN', '2021-02-26 00:29:29', '2021-02-26 00:29:29'),
(144, 1, '1000064', '3.00', '3', '3000 20W50 4T 12X1L', 'UN', '2021-02-26 00:29:29', '2021-02-26 00:29:29'),
(144, 1, '1000031', '3.00', '3', '300V HIGH RPM  0W20 6X2L', 'UN', '2021-02-26 00:29:29', '2021-02-26 00:29:29'),
(144, 1, '1000039', '3.00', '3', '300V POWER 5W40 10X2L', 'UN', '2021-02-26 00:29:29', '2021-02-26 00:29:29'),
(144, 1, '1000040', '3.00', '3', '300V POWER RACING 5W30 10X2L', 'UN', '2021-02-26 00:29:29', '2021-02-26 00:29:29'),
(144, 1, '1000003', '3.00', '3', '4100 POWER 15W50 12X2L', 'UN', '2021-02-26 00:29:29', '2021-02-26 00:29:29'),
(144, 1, '1000004', '3.00', '3', '4100 POWER 15W50 4X4L', 'UN', '2021-02-26 00:29:29', '2021-02-26 00:29:29'),
(144, 1, '1000008', '3.00', '3', '5100 15W50 4T 12X1L', 'UN', '2021-02-26 00:29:29', '2021-02-26 00:29:29'),
(144, 1, '1000045', '3.00', '3', '6100 SYNERGIE+ 10W40 12X1L', 'UN', '2021-02-26 00:29:29', '2021-02-26 00:29:29'),
(144, 1, '1000002', '3.00', '3', '6100 SYNERGIE+ 10W40 12X2L', 'UN', '2021-02-26 00:29:29', '2021-02-26 00:29:29'),
(145, 3, '10026497', '100.00', '100', 'CAUCHO (EX) 175/70R13 82T 109 TRACMAX', 'UN', '2021-02-26 15:33:50', '2021-02-26 15:33:50'),
(145, 3, '10026543', '30.00', '30', 'CAUCHO(EX) 235/75R15 109TXL AT01 TRACMAX', 'UN', '2021-02-26 15:33:50', '2021-02-26 15:33:50'),
(145, 3, '10026501', '30.00', '30', 'CAUCHO (EX) 205/55R16 91V F109 TRACMAX', 'UN', '2021-02-26 15:33:50', '2021-02-26 15:33:50'),
(145, 3, '10028572', '50.00', '50', 'CAUCHO 350-10 TL 8PR SOLPART', 'UN', '2021-02-26 15:33:50', '2021-02-26 15:33:50'),
(145, 3, '10026500', '19.00', '19', 'CAUCHO (EX)195R14C 106/104Q RF09 TRACMAX', 'UN', '2021-02-26 15:33:50', '2021-02-26 15:33:50'),
(146, 3, '1000008', '90.00', '90', '5100 15W50 4T 12X1L', 'UN', '2021-02-26 15:35:16', '2021-02-26 15:35:16'),
(147, 3, '10027559', '1.00', '1', 'JH-706E (EX) SACA CAUCHO', 'UN', '2021-02-26 15:48:50', '2021-02-26 15:48:50'),
(148, 3, '10028682', '130.00', '1', 'TAPABOCA ROJO LOGO MOTUL', 'UN', '2021-02-26 16:31:00', '2021-02-26 16:31:00'),
(149, 3, 'S/C', '1.00', '1', 'EXHIBIDOR MOTUL', 'UN', '2021-02-26 16:35:56', '2021-02-26 16:35:56'),
(150, 3, 'S/C', '6.00', '6', 'EXHIBIDOR MOTUL', 'UN', '2021-02-26 16:42:52', '2021-02-26 16:42:52'),
(151, 3, 'S/C', '1.00', '1', 'CARBURADOR UB-125 1300-08K02', 'UN', '2021-02-26 18:22:50', '2021-02-26 18:22:50'),
(152, 3, 'S/C', '1.00', '1', 'UB-125 13200-08K02', 'UN', '2021-02-26 18:40:22', '2021-02-26 18:40:22'),
(153, 3, '10025723', '100.00', '1', 'CORREA DC-56 SOLOSON TLF CELULAR SZK', 'UN', '2021-02-26 18:49:17', '2021-02-26 18:49:17'),
(154, 3, '10028978', '3.00', '3', 'Panel de Luz 12W Square 6500k', 'UN', '2021-02-26 22:33:36', '2021-02-26 22:33:36'),
(155, 3, 'S/C', '1.00', '1', 'SO-40 MULTI LUBRICANT 24X200ML', 'UN', '2021-02-27 00:26:08', '2021-02-27 00:26:08'),
(155, 3, 'S/C', '1.00', '1', 'CARBURETOR CLEANER 12X650ML', 'UN', '2021-02-27 00:26:08', '2021-02-27 00:26:08'),
(155, 3, 'S/C', '1.00', '1', 'CONTAC CLEANER 12X450ML', 'UN', '2021-02-27 00:26:08', '2021-02-27 00:26:08'),
(155, 3, 'S/C', '1.00', '1', 'MOTOR FLUSH 24X443ML', 'UN', '2021-02-27 00:26:08', '2021-02-27 00:26:08'),
(155, 3, 'S/C', '1.00', '1', 'SILICONE SPRAY 12X450ML', 'UN', '2021-02-27 00:26:08', '2021-02-27 00:26:08'),
(155, 3, 'S/C', '1.00', '1', 'COCKPIT CLEANER 12X650ML', 'UN', '2021-02-27 00:26:08', '2021-02-27 00:26:08'),
(155, 3, 'S/C', '1.00', '1', 'TIREFIX TIRE REPAIR SEALANT 12X450ML', 'UN', '2021-02-27 00:26:08', '2021-02-27 00:26:08'),
(155, 3, 'S/C', '1.00', '1', 'FUEL INJECTOR CLEANER 24X300ML', 'UN', '2021-02-27 00:26:08', '2021-02-27 00:26:08'),
(155, 3, 'S/C', '1.00', '1', 'RADIATOR LEACK-STOP 24X325ML', 'UN', '2021-02-27 00:26:08', '2021-02-27 00:26:08'),
(155, 3, 'S/C', '1.00', '1', 'OIL LEAK-STOP 24X300ML', 'UN', '2021-02-27 00:26:08', '2021-02-27 00:26:08'),
(156, 3, 'S/C', '1.00', '1', 'A/C SYSTEM CLEANER 12X520ML', 'UN', '2021-02-27 00:38:49', '2021-02-27 00:38:49'),
(156, 3, 'S/C', '1.00', '1', 'AIRCON FRESH AND CLEAN 24X200 ML', 'UN', '2021-02-27 00:38:49', '2021-02-27 00:38:49'),
(156, 3, 'S/C', '1.00', '1', 'SPRAYGREASE 12X450 ML', 'UN', '2021-02-27 00:38:49', '2021-02-27 00:38:49'),
(156, 3, 'S/C', '1.00', '1', 'ENGINE OIL TREATMENT 20X300 ML', 'UN', '2021-02-27 00:38:49', '2021-02-27 00:38:49'),
(156, 3, 'S/C', '1.00', '1', 'ENGINE FOAM DEGREASER 12X500 ML', 'UN', '2021-02-27 00:38:49', '2021-02-27 00:38:49'),
(156, 3, 'S/C', '1.00', '1', 'POWER STEERING SEALANT 20X300 ML', 'UN', '2021-02-27 00:38:49', '2021-02-27 00:38:49'),
(156, 3, 'S/C', '1.00', '1', 'WHEEL CLEANER 12X380 ML', 'UN', '2021-02-27 00:38:49', '2021-02-27 00:38:49'),
(156, 3, 'S/C', '1.00', '1', 'LIQUID SPEED WAX 12X380 ML', 'UN', '2021-02-27 00:38:49', '2021-02-27 00:38:49'),
(156, 3, 'S/C', '1.00', '1', 'LEATHER PROTETANT 12X380ML', 'UN', '2021-02-27 00:38:49', '2021-02-27 00:38:49'),
(157, 3, 'S/C', '1.00', '1', 'WASH & WAX CAR SHAMPOO 12X1L', 'UN', '2021-02-27 00:47:18', '2021-02-27 00:47:18'),
(157, 3, 'S/C', '1.00', '1', 'POWER UP OCTANE BOOSTER 24X300ML', 'UN', '2021-02-27 00:47:18', '2021-02-27 00:47:18'),
(157, 3, 'S/C', '1.00', '1', 'RADIATOR COMPLETE CARE 24X325ML', 'UN', '2021-02-27 00:47:18', '2021-02-27 00:47:18'),
(157, 3, 'S/C', '1.00', '1', 'RVT-GASKET MAKER GREY 144X75ML', 'UN', '2021-02-27 00:47:18', '2021-02-27 00:47:18'),
(157, 3, 'S/C', '1.00', '1', 'RVT-GASKET MAKER RED 144X75ML', 'UN', '2021-02-27 00:47:18', '2021-02-27 00:47:18'),
(157, 3, 'S/C', '1.00', '1', 'RVT-GASKET MAKER BLACK 144X75ML', 'UN', '2021-02-27 00:47:18', '2021-02-27 00:47:18'),
(157, 3, 'S/C', '1.00', '1', 'EPOXY STEEL WELDING 144X24ML', 'UN', '2021-02-27 00:47:18', '2021-02-27 00:47:18'),
(157, 3, 'S/C', '1.00', '1', 'EPOXY PLASTIC BONDE 144X24ML', 'UN', '2021-02-27 00:47:18', '2021-02-27 00:47:18'),
(157, 3, 'S/C', '1.00', '1', 'BRAKE FLUID DOT-4 20X500ML', 'UN', '2021-02-27 00:47:18', '2021-02-27 00:47:18'),
(158, 3, '10026496', '100.00', '100', 'CAUCHO (EX) 175/65R14 82H 109 TRACMAX', 'UN', '2021-03-01 15:51:20', '2021-03-01 15:51:20'),
(158, 3, '10026543', '20.00', '20', 'CAUCHO(EX) 235/75R15 109TXL AT01 TRACMAX', 'UN', '2021-03-01 15:51:20', '2021-03-01 15:51:20'),
(158, 3, '10026501', '20.00', '20', 'CAUCHO (EX) 205/55R16 91V F109 TRACMAX', 'UN', '2021-03-01 15:51:20', '2021-03-01 15:51:20'),
(158, 3, '10026545', '50.00', '50', 'CAUCHO (EX) 31X10.50R15LT 109Q M/T TRACM', 'UN', '2021-03-01 15:51:20', '2021-03-01 15:51:20'),
(159, 3, 'S/C', '15.00', '15', 'EXHIBIDORES MOTUL', 'UN', '2021-03-01 16:18:32', '2021-03-01 16:18:32'),
(159, 3, '1000064', '90.00', '90', '3000 20W50 4T 12X1L AL', 'UN', '2021-03-01 16:18:32', '2021-03-01 16:18:32'),
(159, 3, '1000006', '180.00', '180', '2100 PERFORMANCE 15W40 12X1L CAJAS', 'UN', '2021-03-01 16:18:32', '2021-03-01 16:18:32'),
(159, 3, '1000008', '180.00', '180', '5100 15W50 4T 12X1L', 'UN', '2021-03-01 16:18:32', '2021-03-01 16:18:32'),
(160, 1, '10026827', '1.00', '1', 'BATERIA 45MR 550AMP 237*127*222 SOLPOWER', 'UN', '2021-03-01 22:24:14', '2021-03-01 22:24:14'),
(160, 1, '10030201', '1.00', '1', 'BATERIA 65 1000AMP 306*192*192 SOLPOWER', 'UN', '2021-03-01 22:24:14', '2021-03-01 22:24:14'),
(160, 1, '10026828', '1.00', '1', 'BATERIA 43MR 800AMP 275*174*174 SOLPOWER', 'UN', '2021-03-01 22:24:14', '2021-03-01 22:24:14'),
(160, 1, '10026825', '1.00', '1', 'BATERIA 36MR 650AMP 206*173*175 SOLPOWER', 'UN', '2021-03-01 22:24:14', '2021-03-01 22:24:14'),
(160, 1, '10026822', '1.00', '1', 'BATERIA 22FR 700AMP 232*172*205 SOLPOWER', 'UN', '2021-03-01 22:24:14', '2021-03-01 22:24:14'),
(160, 1, '10026828', '1.00', '1', 'BATERIA 4D 1250AMP 507*220*236 SOLPOWER', 'UN', '2021-03-01 22:24:14', '2021-03-01 22:24:14'),
(160, 1, '10026829', '1.00', '1', 'BATERIA 8D 1450AMP 513*265*237 SOLPOWER', 'UN', '2021-03-01 22:24:14', '2021-03-01 22:24:14'),
(160, 1, 'S/C', '1.00', '1', 'EXHIBIDOR DE BATARIA SOLPOWER', 'UN', '2021-03-01 22:24:14', '2021-03-01 22:24:14'),
(161, 1, '10028399', '1.00', '1', 'PASTILLA FRENO DEL FORD 250-350 SUPERDUT', 'UN', '2021-03-02 00:03:07', '2021-03-02 00:03:07'),
(161, 1, '10028393', '1.00', '1', 'PASTILLA FRENO DELANTERA FORD F-150/FX', 'UN', '2021-03-02 00:03:07', '2021-03-02 00:03:07'),
(161, 1, '10028423', '1.00', '1', 'DISCO 43512-42030-CC-I TOYOTA RAV4II', 'UN', '2021-03-02 00:03:07', '2021-03-02 00:03:07'),
(161, 1, '10028422', '1.00', '1', 'DISCO 43512-42030-CC-D TOYOTA RAV4II', 'UN', '2021-03-02 00:03:07', '2021-03-02 00:03:07'),
(161, 1, '10026502', '1.00', '1', 'CAUCHO 205/65R16C 107/105T RF09 TRACMAX', 'UN', '2021-03-02 00:03:07', '2021-03-02 00:03:07'),
(162, 3, 'S/C', '1.00', '1', 'EXHIBIDOR MOTUL', 'UN', '2021-03-02 16:29:05', '2021-03-02 16:29:05'),
(162, 3, 'S/C', '1.00', '1', 'EXHIBIDOR DE BATERIA', 'UN', '2021-03-02 16:29:05', '2021-03-02 16:29:05'),
(163, 2, '10025724', '15.00', '15', 'CORREA DC-56 SOLPOWER AGRI TLF CELUL SZK', 'UN', '2021-03-02 19:15:28', '2021-03-02 19:15:28'),
(163, 3, 'POP', '50.00', '50', 'MOUSE PAD MOTUL POP', 'UN', '2021-03-02 19:15:28', '2021-03-02 19:15:28'),
(163, 3, 'POP', '1.00', '1', 'MARCADOR NEGRO PUNTA GRUESA POP', 'UN', '2021-03-02 19:15:28', '2021-03-02 19:15:28'),
(163, 3, 'POP', '1.00', '1', 'CINTA DE EMBALAR TRASPARENTE ROLLO', 'UN', '2021-03-02 19:15:28', '2021-03-02 19:15:28'),
(164, 3, 'S/C', '2.00', '2', 'ZAPATOS DEPORTIVO TALLA 39', 'PAA', '2021-03-02 23:12:42', '2021-03-02 23:12:42'),
(165, 2, '10028193', '8.00', '8', 'SILLA JD-2009 PLEGABLE MOTUL SZK', 'UN', '2021-03-03 00:20:24', '2021-03-03 00:20:24'),
(165, 2, '10020066', '2.00', '2', 'CASCO NG M FF CS14 HJC', 'UN', '2021-03-03 00:20:24', '2021-03-03 00:20:24'),
(166, 3, '10011442', '8.00', '8', 'DWP20 BOMBA DE AGUA DIESEL', 'UN', '2021-03-03 16:03:11', '2021-03-03 16:03:11'),
(166, 3, '10011446', '10.00', '10', 'BOMBA AGUA A/P DWP30H', 'UN', '2021-03-03 16:03:11', '2021-03-03 16:03:11'),
(166, 3, '10024945', '25.00', '25', 'DESMALEZADORA  SPD330 SERIE  2', 'UN', '2021-03-03 16:03:11', '2021-03-03 16:03:11'),
(166, 3, '10026853', '25.00', '25', 'SPBX30G BOMBA AGUA 3X3', 'UN', '2021-03-03 16:03:11', '2021-03-03 16:03:11'),
(167, 3, 'S/C', '36.00', '1', 'CINTA PARA EMBALAR TRASPARENTE', 'CJ', '2021-03-03 16:06:40', '2021-03-03 16:06:40'),
(167, 3, 'S/C', '1.00', '1', 'ROLLO DE ENVOPLAST', 'UN', '2021-03-03 16:06:40', '2021-03-03 16:06:40'),
(168, 3, '10027558', '2.00', '2', 'JH-706B (EX) SACA CAUCHO', 'UN', '2021-03-03 17:57:06', '2021-03-03 17:57:06'),
(169, 2, 'S27601-08H10', '1.00', '1', 'CORREA TRANS UB125 SUZUKI', 'UN', '2021-03-03 19:10:48', '2021-03-03 19:10:48'),
(169, 2, 'S21481-08K00-000', '1.00', '1', 'GUIA RULO UB125 SUZUK', 'UN', '2021-03-03 19:10:48', '2021-03-03 19:10:48'),
(169, 2, '21650-08K00-000', '1.00', '1', 'RULO UB125 SUZUKI', 'UN', '2021-03-03 19:10:48', '2021-03-03 19:10:48'),
(169, 2, 'S21120-33G60', '1.00', '1', 'ROTOR CORREA TRANS UB125 SUZUKI', 'UN', '2021-03-03 19:10:48', '2021-03-03 19:10:48'),
(169, 2, 'S21111-08K00', '1.00', '1', 'POLEA EXT RULERA UB125 SUZUKI', 'UN', '2021-03-03 19:10:48', '2021-03-03 19:10:48'),
(169, 2, 'S26231-08K00', '1.00', '1', 'GUIA EJE ARRANQUE UB125 SUZUKI', 'UN', '2021-03-03 19:10:48', '2021-03-03 19:10:48'),
(169, 2, 'S47211-4400-YKV', '1.00', '1', 'TAPA LATRL IZ NG UB125 SUZUKI', 'UN', '2021-03-03 19:10:48', '2021-03-03 19:10:48'),
(169, 2, 'S47111-44K00-YKV', '1.00', '1', 'TAPA LATRL DCH NG UB125 SUZUKI', 'UN', '2021-03-03 19:10:48', '2021-03-03 19:10:48'),
(170, 3, 'POP', '1.00', '1', 'EXHIBIDOR MALETA SHAD', 'UN', '2021-03-03 19:14:21', '2021-03-03 19:14:21'),
(171, 3, '10028492', '1.00', '1', 'MOTOR F/B DT40WL NG', 'UN', '2021-03-04 15:57:46', '2021-03-04 15:57:46'),
(171, 3, '10028540', '1.00', '1', 'MOTOR F/B DF30AL NG', 'UN', '2021-03-04 15:57:46', '2021-03-04 15:57:46'),
(172, 3, '10028527', '1.00', '1', 'FH255-2050C COMPRESOR 2HP 110V/60HZ 50L', 'UN', '2021-03-04 16:25:43', '2021-03-04 16:25:43'),
(173, 3, '10028527', '4.00', '4', 'FH255-2050C COMPRESOR 2HP 110V/60HZ 50L', 'UN', '2021-03-04 16:27:55', '2021-03-04 16:27:55'),
(174, 3, 'S/C', '1.00', '1', '9951-HIGH GLOSS CAR SHAMPOO', 'UN', '2021-03-04 17:16:34', '2021-03-04 17:16:34'),
(175, 3, 'MB0030140', '1.00', '1', 'Laptop `Lenovo operativa', 'BTO', '2021-03-04 21:34:13', '2021-03-04 21:34:13'),
(175, 3, 'MXL1100', '1.00', '1', 'pc hp compaq pro 6000', 'BTO', '2021-03-04 21:34:13', '2021-03-04 21:34:13'),
(175, 3, 'MXB2L145', '1.00', '1', 'HP COMPAQ 6000', 'BTO', '2021-03-04 21:34:13', '2021-03-04 21:34:13'),
(175, 3, 'V2-DG11S', '1.00', '1', 'MONITOR', 'BTO', '2021-03-04 21:34:13', '2021-03-04 21:34:13'),
(185, 3, '10028984', '25.00', '25', 'PINTURA DE CAUCHO SUPERIOR SOLPAINT CLASE A 18 LTR', 'UN', '2021-03-05 16:21:23', '2021-03-05 16:21:23'),
(185, 3, '10028985', '25.00', '25', 'PINTURA DE CAUCHO SUPERIOR SOLPAINT CLASE A 20 LTR', 'UN', '2021-03-05 16:21:23', '2021-03-05 16:21:23'),
(186, 3, '10020124', '2.00', '2', 'MOTOR FUERA DE BORDA MW40AMH L', 'UN', '2021-03-05 16:24:01', '2021-03-05 16:24:01'),
(186, 3, '10028571', '60.00', '60', 'CAUCHO 130/60-13 TL 8PR SOLPART', 'UN', '2021-03-05 16:24:01', '2021-03-05 16:24:01'),
(187, 3, '10026859', '10.00', '10', 'CAUCHOEX 235/75R17.5 16PR132/130M WH1020', 'UN', '2021-03-05 16:35:40', '2021-03-05 16:35:40'),
(188, 3, 'SB10030079', '1.00', '1', 'BICICLETA MTB R26 21V DISC BRAKE GSUP', 'UN', '2021-03-05 17:30:21', '2021-03-05 17:30:21'),
(189, 3, 'S/C', '36.00', '1', 'TIRRO DE EMBALAR', 'CA', '2021-03-05 18:22:07', '2021-03-05 18:22:07'),
(190, 3, 'S/C', '2.00', '2', 'TIRRO DE EMBALAR', 'UN', '2021-03-05 19:38:43', '2021-03-05 19:38:43'),
(191, 3, '10027299', '28.00', '28', 'CAUCHO (EX) 215/70R16 100H H/T TRACMAX', 'UN', '2021-03-05 21:03:00', '2021-03-05 21:03:00'),
(192, 3, '1000058', '1.00', '1', 'TEKMA MEGA XLD 15W40 208L TAMBORES', 'TR', '2021-03-08 16:29:58', '2021-03-08 16:29:58'),
(193, 3, '10024911', '120.00', '120', 'CAUCHO 3.60-18 57P K266 6P TL KENDA', 'UN', '2021-03-08 16:45:36', '2021-03-08 16:45:36'),
(197, 3, '10025523', '30.00', '30', 'CAUCHO 12.00R20 NA02 NAMA', 'UN', '2021-03-09 15:59:36', '2021-03-09 15:59:36'),
(197, 3, '1000058', '1.00', '1', 'TEKMA MEGA XLD 15W40 208L TAMBORES', 'UN', '2021-03-09 15:59:36', '2021-03-09 15:59:36'),
(197, 3, '1000064', '180.00', '180', '3000 20W50 4T 12X1L AL', 'UN', '2021-03-09 15:59:36', '2021-03-09 15:59:36'),
(197, 3, '10026503', '22.00', '22', 'CAUCHO (EX) 225/60R17 99H H/T TRACM', 'UN', '2021-03-09 15:59:36', '2021-03-09 15:59:36'),
(198, 3, '1000053', '80.00', '80', 'P3 TYRE REPAIR 12X0.300L CAJAS', 'CA', '2021-03-09 16:11:29', '2021-03-09 16:11:29'),
(199, 3, 'S67000-98JE5-000', '1.00', '1', 'CONT/REMOTO INDIV ELECT KIT DF150AP-350A', 'KIT', '2021-03-09 22:40:08', '2021-03-09 22:40:08'),
(199, 3, 'S36620-98J41-000', '1.00', '1', 'ARNES C/REMOTO ELECT 9.5M DF150AP-350A', 'UN', '2021-03-09 22:40:08', '2021-03-09 22:40:08'),
(199, 3, 'S67000-98JG4-000', '1.00', '1', 'CONT/REMOTO DOBLE ELECT KIT DF150AP-350A', 'KIT', '2021-03-09 22:40:08', '2021-03-09 22:40:08'),
(199, 3, 'S36667-96L00-000', '1.00', '1', 'ADAPTADOR DOBLE/TRIPLE RELOJ DIG ELECT', 'UN', '2021-03-09 22:40:08', '2021-03-09 22:40:08'),
(199, 3, 'S39950-88L02-000', '1.00', '1', 'MODULO RECEPTOR GPS DF90A-DF350A', 'UN', '2021-03-09 22:40:08', '2021-03-09 22:40:08'),
(199, 3, 'S36001-88L00', '1.00', '1', 'RAMAL SET DF150/175/200 SUZUKI', 'SET', '2021-03-09 22:40:08', '2021-03-09 22:40:08'),
(199, 3, 'S36662-88L10', '1.00', '1', 'ALAMBRE 2 EXTENSIONES DF325/350 SUZUKI', 'UN', '2021-03-09 22:40:08', '2021-03-09 22:40:08'),
(199, 3, 'S36664-88L00-000', '1.00', '1', 'CONECTOR T NMEA RELOJ DIG DF90A-DF350A', 'UN', '2021-03-09 22:40:08', '2021-03-09 22:40:08'),
(200, 3, '10030715', '1.00', '1', 'CAUCHO 24x1.95 S2018 BICICLETA SOLBIKE', 'UN', '2021-03-09 23:09:42', '2021-03-09 23:09:42'),
(200, 3, '10030716', '1.00', '1', 'CAUCHO 26x1.50 K1057 BICICLETA SOLBIKE', 'UN', '2021-03-09 23:09:42', '2021-03-09 23:09:42'),
(200, 3, '10030717', '1.00', '1', 'CAUCHO 26x1.95 K1003 BICICLETA SOLBIKE', 'UN', '2021-03-09 23:09:42', '2021-03-09 23:09:42'),
(200, 3, '10030718', '1.00', '1', 'CAUCHO 26x1.95 K1053 BICICLETA SOLBIKE', 'UN', '2021-03-09 23:09:42', '2021-03-09 23:09:42'),
(200, 3, '10030719', '1.00', '1', 'CAUCHO 26x2.20 K1017 BICICLETA SOLBIKE', 'UN', '2021-03-09 23:09:42', '2021-03-09 23:09:42'),
(200, 3, '10030720', '1.00', '1', 'CAUCHO 27.5x1.95 K1197 BICICLETA SOLBIKE', 'UN', '2021-03-09 23:09:42', '2021-03-09 23:09:42'),
(200, 3, '10030721', '1.00', '1', 'CAUCHO 28x1.75 K1027 BICICLETA SOLBIKE', 'UN', '2021-03-09 23:09:42', '2021-03-09 23:09:42'),
(200, 3, '10029076', '1.00', '1', 'TRIPA A/V 48MM 28x1.75 BICICLETA', 'UN', '2021-03-09 23:09:42', '2021-03-09 23:09:42'),
(200, 3, '10029077', '1.00', '1', 'TRIPA F/V 48MM 28x1.75 BICICLETA', 'UN', '2021-03-09 23:09:42', '2021-03-09 23:09:42'),
(207, 3, '1000058', '2.00', '2', 'TEKMA MEGA XLD 15W40 208L TAMBORES', 'TR', '2021-03-10 16:24:57', '2021-03-10 16:24:57'),
(207, 3, '10000064', '135.00', '135', '3000 20W50 4T 12X1L AL', 'UN', '2021-03-10 16:24:57', '2021-03-10 16:24:57'),
(207, 3, '1000006', '225.00', '225', '2100 PERFORMANCE 15W40 12X1L CAJAS', 'UN', '2021-03-10 16:24:57', '2021-03-10 16:24:57'),
(207, 3, '1000008', '135.00', '135', '5100 15W50 4T 12X1L', 'UN', '2021-03-10 16:24:57', '2021-03-10 16:24:57'),
(208, 3, '10028570', '60.00', '60', 'CAUCHO 130/60-13 TL 8PR SOLPART', 'UN', '2021-03-10 16:41:18', '2021-03-10 16:41:18'),
(208, 3, '10028572', '20.00', '20', 'CAUCHO 350-10 TL 8PR SOLPART', 'UN', '2021-03-10 16:41:18', '2021-03-10 16:41:18'),
(209, 3, '10027464', '1.00', '1', 'MOTOR FUERA DE BORDA DF60ATHL', 'UN', '2021-03-10 16:43:50', '2021-03-10 16:43:50'),
(210, 3, '10024684', '50.00', '50', 'SPBX10G BOMBA AGUA 1X1', 'UN', '2021-03-10 16:49:46', '2021-03-10 16:49:46'),
(211, 3, '10019308', '1.00', '1', 'CANDADO 69X ARTAGO', 'UN', '2021-03-10 18:13:00', '2021-03-10 18:13:00'),
(211, 3, '10019312', '1.00', '1', 'CANDADO U9D MINI U URBAN', 'UN', '2021-03-10 18:13:00', '2021-03-10 18:13:00'),
(211, 3, '10019313', '1.00', '1', 'CANDADO 559NMAX NG URBAN', 'UN', '2021-03-10 18:13:00', '2021-03-10 18:13:00'),
(211, 3, '10019315', '1.00', '1', 'CANDADO U48D MINI U URBAN', 'UN', '2021-03-10 18:13:00', '2021-03-10 18:13:00'),
(212, 3, '10030394', '50.00', '50', 'FUMIGADORA ESPALDA GSLN SPF20AS SOLPOWE', 'UN', '2021-03-10 19:18:53', '2021-03-10 19:18:53'),
(213, 3, '10008583', '3.00', '3', 'IMPERMEABLE C/BOTA AZ/RJ M SOLRAIN', 'UN', '2021-03-10 20:13:34', '2021-03-10 20:13:34'),
(213, 3, '10026908', '2.00', '2', 'FUMIGADORA ESPALDA GSLN SPF20S SOLPOWER', 'UN', '2021-03-10 20:13:34', '2021-03-10 20:13:34'),
(213, 3, '10028589', '2.00', '2', 'TAPABOCA NEGRO LOGO SUZUKI', 'UN', '2021-03-10 20:13:34', '2021-03-10 20:13:34'),
(214, 3, 'ORD001', '1.00', '1', 'MAQUINA DE ORDEÑADORA ELECTRICA 2 CANTARA', 'UN', '2021-03-11 15:29:49', '2021-03-11 15:29:49'),
(216, 3, '10028984', '50.00', '50', 'PINTURA DE CAUCHO SUPERIOR SOLPAINT CLASE A 18 L', 'UN', '2021-03-11 15:47:08', '2021-03-11 15:47:08'),
(216, 3, '10028985', '50.00', '50', 'PINTURA DE CAUCHO SUPERIOR SOLPAINT CLASE A 20 L', 'UN', '2021-03-11 15:47:08', '2021-03-11 15:47:08'),
(217, 3, '10026853', '20.00', '20', 'SPBX30G BOMBA AGUA 3X3', 'UN', '2021-03-11 16:05:30', '2021-03-11 16:05:30'),
(218, 3, '10026821', '100.00', '100', 'BATERIA 22F 700AMP 232*172*205 SOLPOWER', 'UN', '2021-03-11 18:44:33', '2021-03-11 18:44:33'),
(219, 3, '10026539', '30.00', '30', 'CAUCHO (EX) 185/60R14 82H F109 TRACMAX', 'UN', '2021-03-11 18:50:49', '2021-03-11 18:50:49'),
(219, 3, '10026501', '30.00', '30', 'CAUCHO (EX) 205/55R16 91V F109 TRACMAX', 'UN', '2021-03-11 18:50:49', '2021-03-11 18:50:49'),
(220, 3, 'S/C', '1.00', '1', 'ZAPATO DEPORTIVO', 'UN', '2021-03-11 22:52:44', '2021-03-11 22:52:44'),
(221, 3, '10021586', '30.00', '30', 'ROCIADOR SPF8S GSLN SOLPOWER', 'UN', '2021-03-11 23:01:23', '2021-03-11 23:01:23'),
(222, 1, '1000061', '6.00', '2', '2000 MGRD 20W50 12X1L CAJAS', 'UN', '2021-03-11 23:45:52', '2021-03-11 23:45:52'),
(222, 1, '10000006', '6.00', '2', '2100 PERFORMANCE 15W40 12X1L CAJAS', 'UN', '2021-03-11 23:45:52', '2021-03-11 23:45:52'),
(222, 1, '1000042', '6.00', '2', '2100 PROTEX + 10W30  12X1L', 'UN', '2021-03-11 23:45:52', '2021-03-11 23:45:52'),
(222, 1, '1000008', '6.00', '2', '5100 15W50 4T 12X1L', 'UN', '2021-03-11 23:45:52', '2021-03-11 23:45:52'),
(222, 1, '1000002', '6.00', '2', '6100 SYNERGIE+10W40 12X2L', 'UN', '2021-03-11 23:45:52', '2021-03-11 23:45:52'),
(222, 1, '1000035', '6.00', '2', '800 2T FL OFF ROAD 12X1L', 'UN', '2021-03-11 23:45:52', '2021-03-11 23:45:52'),
(222, 1, '1000014', '6.00', '2', 'FUEL SYSTEM CLEAN AUTO 12X0,300L', 'UN', '2021-03-11 23:45:52', '2021-03-11 23:45:52'),
(222, 1, '1000053', '6.00', '2', 'P3 TYRE REPAIR 12X0.300L', 'UN', '2021-03-11 23:45:52', '2021-03-11 23:45:52'),
(222, 1, '1000018', '6.00', '2', 'SUZUKI MARINE 2T 12X1', 'UN', '2021-03-11 23:45:52', '2021-03-11 23:45:52'),
(222, 1, '10000019', '6.00', '2', 'SUZUKI MARINE 4T 10W40 12X1L', 'UN', '2021-03-11 23:45:52', '2021-03-11 23:45:52'),
(223, 2, '10026821', '5.00', '5', 'BATERIA 22F 700AMP SOLPOWER', 'UN', '2021-03-12 00:46:29', '2021-03-12 00:46:29'),
(223, 2, '10026822', '3.00', '3', 'BATERIA 22FR 700AMP SOLPOWER', 'UN', '2021-03-12 00:46:29', '2021-03-12 00:46:29'),
(223, 2, '10026826', '5.00', '5', 'BATERIA 43MR 800AMP SOLPOWER', 'UN', '2021-03-12 00:46:29', '2021-03-12 00:46:29'),
(223, 2, '10026827', '4.00', '4', 'BATERIA 45MR 550AMP SOLPOWER', 'UN', '2021-03-12 00:46:29', '2021-03-12 00:46:29'),
(223, 2, '10026823', '4.00', '4', 'BATERIA 24MR 800AMP SOLPOWER', 'UN', '2021-03-12 00:46:29', '2021-03-12 00:46:29'),
(223, 2, '10026825', '1.00', '1', 'BATERIA 36MR 650 AMP SOLPOWER', 'UN', '2021-03-12 00:46:29', '2021-03-12 00:46:29'),
(223, 2, '10028689', '3.00', '3', 'BATERIA 27R 700AMP SOLPOWER', 'UN', '2021-03-12 00:46:29', '2021-03-12 00:46:29'),
(223, 2, '10030201', '4.00', '4', 'BATERIA 65 1000AMP SOLPOWER', 'UN', '2021-03-12 00:46:29', '2021-03-12 00:46:29'),
(223, 2, '10026828', '1.00', '1', 'BATERIA 4D 1250AMP', 'UN', '2021-03-12 00:46:29', '2021-03-12 00:46:29'),
(223, 2, '10028689', '1.00', '1', 'BATERIA 27R 700AMP SOLPOWER', 'UN', '2021-03-12 00:46:29', '2021-03-12 00:46:29'),
(224, 3, '10025742', '30.00', '30', 'CAUCHO 195R14C MASSE380 NAMA', 'UN', '2021-03-12 16:14:01', '2021-03-12 16:14:01'),
(224, 3, '10025521', '30.00', '30', 'CAUCHO 9.00R20 NA02 NAMA', 'UN', '2021-03-12 16:14:01', '2021-03-12 16:14:01'),
(224, 3, '10026539', '30.00', '30', 'CAUCHO (EX) 185/60R14 82H F109 TRACMAX', 'UN', '2021-03-12 16:14:01', '2021-03-12 16:14:01'),
(225, 2, 'S12912-02F10', '2.00', '2', 'VALVULA ESC DL 1000', 'UN', '2021-03-12 17:50:36', '2021-03-12 17:50:36'),
(225, 2, 'S12760-19F01', '2.00', '2', 'CADENA DE TIEMPO AN400/DL650 SUZUKI', 'UN', '2021-03-12 17:50:36', '2021-03-12 17:50:36'),
(225, 2, '10014442', '1.00', '1', 'FILTRO AIRE 12-93860 DL650 EMGO', 'UN', '2021-03-12 17:50:36', '2021-03-12 17:50:36'),
(225, 2, 'S214441-24F20-000', '8.00', '8', 'DISCO CLUTCH DL 1000 SUZUKI', NULL, '2021-03-12 17:50:36', '2021-03-12 17:50:36'),
(226, 2, 'S/C', '1.00', '1', 'BATERIA YTX14  POR UNIDAD', 'UN', '2021-03-12 19:07:30', '2021-03-12 19:07:30'),
(227, 3, '1000099', '1.00', '1', 'ACTIVE WHEEL CLEANER 9960', 'UN', '2021-03-12 23:54:34', '2021-03-12 23:54:34'),
(228, 2, '10026857', '6.00', '6', 'CAUCHO 750R16 NA02 NAMA', 'UN', '2021-03-13 18:35:30', '2021-03-13 18:35:30'),
(229, 2, '10028754', '2.00', '2', 'CAUCHO 16x2.125 K1033A BICICLETA SOLBIKE', 'UN', '2021-03-13 23:23:28', '2021-03-13 23:23:28'),
(229, 2, '10028758', '2.00', '2', 'TRIPA A/V 48MM 16x2.125 BICICLETA', 'UN', '2021-03-13 23:23:28', '2021-03-13 23:23:28'),
(232, 3, '10028984', '40.00', '40', 'PINTURA CAUCHO  SOLPAINT CLASE A 18 LT', 'UN', '2021-03-15 16:21:55', '2021-03-15 16:21:55'),
(232, 3, '10028985', '40.00', '40', 'PINTURA  CAUCHO SOLPAINT CLASE A 20 LT', 'UN', '2021-03-15 16:21:55', '2021-03-15 16:21:55'),
(233, 3, 'MOTOR F/B DF350ATX K20 BLC', '2.00', '2', 'MOTOR FUERA BORDA DF350ATX SUZUKI BLANCO', 'UN', '2021-03-16 15:46:10', '2021-03-16 15:46:10'),
(234, 3, '1000008', '90.00', '90', '5100 15W50 4T 12X1L CAJA', 'CJ', '2021-03-16 15:59:29', '2021-03-16 15:59:29'),
(234, 3, '1000006', '90.00', '90', '2100 PERFORMANCE 15W40 12X1L CAJA', 'CJ', '2021-03-16 15:59:29', '2021-03-16 15:59:29'),
(234, 3, '1000064', '90.00', '90', '3000 20W50 4T 12X1L AL CAJA', 'CA', '2021-03-16 15:59:29', '2021-03-16 15:59:29'),
(235, 3, '10023963', '1.00', '1', 'MOTOR FUERA BORDA SOLPOWER 90HP S P/L', 'UN', '2021-03-16 16:06:02', '2021-03-16 16:06:02'),
(236, 3, '10026921', '6.00', '6', 'CAUCHO (EX) 195/55R15 85V MASSE290 NAMA', 'UN', '2021-03-17 16:02:29', '2021-03-17 16:02:29'),
(236, 3, '1000064', '135.00', '135', '3000 20W50 4T 12X1L AL CAJA', 'CA', '2021-03-17 16:02:29', '2021-03-17 16:02:29'),
(237, 3, 'S67600-93J00-000', '1.00', '1', 'BARRA UNION KIT DF150(P)-DF350A', 'KIT', '2021-03-17 17:12:53', '2021-03-17 17:12:53'),
(237, 3, 'S67630-93J00-000', '1.00', 'KIT', 'EXTENSION BARRA UNION DF150 A(P) DF350A', 'KIT', '2021-03-17 17:12:53', '2021-03-17 17:12:53'),
(238, 2, 'S36662-88L10', '2.00', 'UND', 'ALAMBRE 2 EXTENSIONES DF325/350 SUZUKI', 'UN', '2021-03-18 00:52:42', '2021-03-18 00:52:42'),
(239, 2, '1000114', '1.00', '1', 'KIT CAR CARE MIX 40V', 'KIT', '2021-03-18 01:24:59', '2021-03-18 01:24:59'),
(239, 2, 'S/C', '4.00', '4', 'POWER UP OCTANE BOOSTER', 'UN', '2021-03-18 01:24:59', '2021-03-18 01:24:59'),
(240, 3, '10026501', '30.00', '30', 'CAUCHO (EX) 205/55R16 91V F109 TRACMAX', 'UN', '2021-03-18 15:16:07', '2021-03-18 15:16:07'),
(240, 3, '10028569', '80.00', '80', 'CAUCHO 110/90-16 TL 8PR SOLPART', 'UN', '2021-03-18 15:16:07', '2021-03-18 15:16:07'),
(240, 3, '10028984', '50.00', '50', 'PINTURA CAUCHO CLA A CUÑETE 4 GALONES', 'UN', '2021-03-18 15:16:07', '2021-03-18 15:16:07'),
(240, 3, '10028985', '50.00', '50', 'PINTURA CAUCHO CLA A CUÑETE 5 GALONES', 'UN', '2021-03-18 15:16:07', '2021-03-18 15:16:07'),
(244, 3, '10022705', '5.00', '5', 'SPBH20G BOMBA AGUA A/P 2 GASOLINA', 'UN', '2021-03-18 15:27:56', '2021-03-18 15:27:56'),
(244, 3, '10026905', '25.00', '25', 'DESMALEZADORA SPD 430 SERIE 2', 'UN', '2021-03-18 15:27:56', '2021-03-18 15:27:56'),
(244, 3, '10026906', '50.00', '50', 'DESMALEZADORA SPD 520 SERIE 2', 'UN', '2021-03-18 15:27:56', '2021-03-18 15:27:56'),
(244, 3, '10026853', '6.00', '6', 'SPBX30G BOMBA AGUA 3X3', 'UN', '2021-03-18 15:27:56', '2021-03-18 15:27:56'),
(245, 3, '10030005', '20.00', '20', 'TAOLLIN REUSABLE KITCHEN PAPER 30 UND', 'UN', '2021-03-18 15:33:02', '2021-03-18 15:33:02'),
(246, 3, 'S/C', '119.00', '119', 'MAQUINARIA Y PLACAS', 'BTO', '2021-03-18 15:55:48', '2021-03-18 15:55:48'),
(253, 3, '10026501', '30.00', '30', 'CAUCHO (EX) 205/55R16 91V F109 TRACMAX', 'UN', '2021-03-19 17:45:05', '2021-03-19 17:45:05');
INSERT INTO `invoice_items` (`invoice_id`, `product_id`, `codigo`, `quantity`, `bulto`, `descripcion`, `uv`, `created_at`, `updated_at`) VALUES
(253, 3, '10028569', '80.00', '80', 'CAUCHO 110/90-16 TL 8PR SOLPART', 'UN', '2021-03-19 17:45:05', '2021-03-19 17:45:05'),
(253, 3, '10028984', '50.00', '50', 'PINTURA DE CAUCHO SUPERIOR SOLPAINT CLASE A 18 LT', 'UN', '2021-03-19 17:45:05', '2021-03-19 17:45:05'),
(253, 3, '10028985', '50.00', '50', 'PINTURA DE CAUCHO SUPERIOR SOLPAINT CLASE A 20 LT', 'UN', '2021-03-19 17:45:05', '2021-03-19 17:45:05'),
(253, 3, '1000058', '1.00', '1', 'TEKMA MEGA XLD 15W40 208L TAMBOR', 'UN', '2021-03-19 17:45:05', '2021-03-19 17:45:05'),
(254, 3, '1000071', '5.00', '5', 'MAGNUM TURBO D H/D SAE 50 CM2 CUÑETE', 'UN', '2021-03-19 17:55:20', '2021-03-19 17:55:20'),
(254, 3, '10026497', '70.00', '70', 'CAUCHO (EX) 175/70R13 82T 109 TRACMAX', 'UN', '2021-03-19 17:55:20', '2021-03-19 17:55:20'),
(254, 3, '10030005', '30.00', '30', 'TOALLIN REUSABLE KITCHEN PAPER 30 UND', 'BTO', '2021-03-19 17:55:20', '2021-03-19 17:55:20'),
(254, 3, '10012336', '3.00', '3', 'TRILLADORA XS980-010R GASOLINA', 'UN', '2021-03-19 17:55:20', '2021-03-19 17:55:20'),
(254, 3, '10024682', '3.00', '3', 'ROCIADOR SPF168-30CH FUMIGADORA CHASIS', 'UN', '2021-03-19 17:55:20', '2021-03-19 17:55:20'),
(254, 3, '10012335', '3.00', '3', 'TRILLADORA XS1350-010RE DIESEL', 'UN', '2021-03-19 17:55:20', '2021-03-19 17:55:20'),
(255, 3, 'S/C', '1.00', 'PAR', 'ZAPATO DEPORTIVO', 'PAA', '2021-03-19 22:53:51', '2021-03-19 22:53:51'),
(256, 2, '10026827', '1.00', '1', 'BATERIA 45MR 550 AMP', 'UN', '2021-03-20 00:43:50', '2021-03-20 00:43:50'),
(261, 3, '100277267', '30.00', '30', 'CAUCHO (EX) 90/90-21 M/C 54HTL ESCAPE', 'UN', '2021-03-22 16:45:22', '2021-03-22 16:45:23'),
(261, 3, '100027268', '30.00', '30', 'CAUCHO (EX) 120/90-17 M/C 64S TT ESCAPE', 'UN', '2021-03-22 16:47:06', '2021-03-22 16:47:07'),
(261, 3, '10025462', '50.00', '50', 'CAUCHO KS1106 90/90-21 TT SOLPART', 'UN', '2021-03-22 16:48:35', '2021-03-22 16:48:36'),
(261, 3, '10024908', '30.00', '30', 'CAUCHO 4.60-17 61P K270 4PR KENDA', 'UN', '2021-03-22 16:50:12', '2021-03-22 16:50:12'),
(261, 3, '1000058', '1.00', '1', 'TEKMA MEGA XLD 15W40 208L TAMBOR', 'UN', '2021-03-22 16:51:29', '2021-03-22 16:51:30'),
(262, 2, '1000061', '26.00', '26', '2000 MGRD', 'UN', '2021-03-22 20:09:49', '2021-03-22 20:09:57'),
(262, 2, '1000007', '6.00', '6', '7100 10W40 4T 1L', 'UN', '2021-03-22 20:11:05', '2021-03-22 20:11:06'),
(262, 2, '1000062', '6.00', '6', 'MULTIATF 1L', 'UN', '2021-03-22 20:12:07', '2021-03-22 20:12:09'),
(262, 2, '1000042', '6.00', '6', '2100 PROTEX + 10W30 1L', 'UN', '2021-03-22 20:13:16', '2021-03-22 20:13:17'),
(262, 2, '1000007', '2.00', '2', '7100 10W40 4T 1L', 'UN', '2021-03-22 20:14:01', '2021-03-22 20:14:02'),
(263, 3, 'XTK300S', '2.00', '2', 'TECLADOS DAÑADOS', 'UN', '2021-03-23 14:07:45', '2021-03-23 14:07:46'),
(264, 3, 'S/C', '1.00', '1', 'EXHIBIDOR MOTUL', 'UN', '2021-03-24 12:42:23', '2021-03-24 12:42:24'),
(265, 3, 'POP', '7.00', '7', 'EXHIBIDOR MOTUL ROJO', 'UN', '2021-03-24 12:56:04', '2021-03-24 12:56:13'),
(266, 3, '1000068', '2.00', '2', 'SUPER PRO MAX BLEND 20W50 12X1L', 'CA', '2021-03-24 13:55:25', '2021-03-24 13:55:26'),
(266, 3, '1000018', '45.00', '45', 'SUZUKI MARINE 2T 12X1L', 'CA', '2021-03-24 13:56:25', '2021-03-24 13:56:26'),
(266, 3, '1000006', '45.00', '45', '2100 PERFORMANCE 15W40 12X1L', 'CA', '2021-03-24 13:57:16', '2021-03-24 13:57:17'),
(266, 3, '10027565', '100.00', '100', 'CAUCHO 130/80-17 8PR TL SOLPART', 'UN', '2021-03-24 13:58:29', '2021-03-24 13:58:30'),
(266, 3, '10027563', '100.00', '100', 'CAUCHO 110/80-19 8PR TL SOLPART', 'UN', '2021-03-24 13:59:25', '2021-03-24 13:59:26'),
(267, 3, 'UV-5R', '2.00', '2', 'RADIO BOAFENG', 'UN', '2021-03-24 18:14:32', '2021-03-24 18:14:33'),
(268, 3, 'N/A', '1.00', '1', 'CINTA PARA EMBALAR TRANSPARENTE', 'CA', '2021-03-25 11:18:21', '2021-03-25 11:18:22'),
(269, 3, '100277565', '30.00', '30', 'CAUCHO 130/80-17 8PR TL SOLPART', 'UN', '2021-03-25 13:32:50', '2021-03-25 13:32:51'),
(269, 3, '10030711', '30.00', '30', 'CAUCHO 90/90-18 SOLPART', 'UN', '2021-03-25 13:33:43', '2021-03-25 13:33:44'),
(269, 3, '10026539', '80.00', '80', 'CAUCHO (EX) 185/60R14 82H F109', 'CA', '2021-03-25 13:34:54', '2021-03-25 13:34:55'),
(269, 3, '1000042', '45.00', '45', '2100 PROTEX + 10W30 12X1L CAJA', 'CA', '2021-03-25 13:35:56', '2021-03-25 13:35:57'),
(269, 3, '1000006', '45.00', '45', '2100 PERFORMANCE 15W40', 'CA', '2021-03-25 13:37:15', '2021-03-25 13:37:16'),
(269, 3, '1000008', '45.00', '45', '5100 15w50 4T 12X1L ', 'CA', '2021-03-25 13:38:50', '2021-03-25 13:38:50'),
(270, 3, '10026540', '8.00', '8', 'CAUCHO (EX) 195/50R15 82V F109 TRACMAX', 'UN', '2021-03-25 13:48:46', '2021-03-25 13:48:47'),
(271, 2, 'SB10030078', '2.00', '2', 'BICICLETA MTB R26 24V DISC HYD BRAKE', 'UN', '2021-03-25 16:07:03', '2021-03-25 16:07:04'),
(272, 3, 'SP-AP7310A-A', '1.00', '1', 'HIGH SPEED DOME PTZ', 'UN', '2021-03-25 17:43:29', '2021-03-25 17:43:29'),
(273, 3, '10030711', '30.00', '30', 'CAUCHO 90/90-18 SOLPART', 'UN', '0000-00-00 00:00:00', '2021-03-26 12:55:06'),
(273, 3, '10030712', '30.00', '30', 'CAUCHO 90/90-12 TL SOLPART', 'UN', '2021-03-26 12:59:00', '2021-03-26 12:59:13'),
(273, 3, '10026539', '50.00', '50', 'CAUCHO (EX) 185/60r14 82H F109 TRACMAX', 'UN', '2021-03-26 13:04:48', '2021-03-26 13:04:49'),
(273, 3, '10028572', '50.00', '50', 'CAUCHO 350-10 TL 8PR SOLPARTS', 'UN', '2021-03-26 13:08:46', '2021-03-26 13:08:47'),
(273, 3, '10026859', '15.00', '15', 'CAUCHO EX 235/75R17.5 16PR132/130M WH1020', 'UN', '2021-03-26 13:11:20', '2021-03-26 13:11:21'),
(273, 3, '10026857', '20.00', '20', 'CAUCHO (EX) 750R16 NA02 NAMA', 'UN', '2020-03-26 13:12:56', '2021-03-26 13:12:58'),
(273, 3, '10026907', '4.00', '4', 'FUMIGADORA ATOMIZADORA ESPALDA SPEW20A', 'UN', '2021-03-26 13:15:49', '2021-03-26 13:15:52'),
(273, 3, '10028677', '3.00', '3', 'AA-MCL04152AQ PUENTE HIDRAULICO MOTO', 'UN', '2021-03-26 13:18:50', '2021-03-26 13:18:52'),
(273, 3, '1000058', '1.00', '1', 'TEKMA MEGA XLD 15W40 208L TAMBOR (01 Tambor)', 'UN', '2021-03-26 13:54:22', '2021-03-26 13:54:24'),
(287, 3, 'N/A', '1.00', '1', 'ZAPATO DEPORTIVO EXR-231 NAVY TALLA 43', 'PAA', '2021-03-26 18:00:15', '2021-03-26 18:00:16'),
(297, 3, '1000006', '135.00', '135,00', '2100 PERFORMANCE 15W40 12X1L CAJA', 'UN', '2021-03-29 13:14:37', '2021-03-29 13:14:45'),
(297, 3, '1000008', '135.00', '135,00', '5100 15W50 4T 12X1L CAJA', 'UN', '2021-03-29 13:18:28', '2021-03-29 13:18:31'),
(297, 3, '1000064', '135.00', '135,00', '3000 20W50 4T 12X1L', 'UN', '2021-03-29 13:20:32', '2021-03-29 13:20:35'),
(297, 3, 'S/C', '10.00', '10,00', 'EXHIBIDORES MOTUL', 'UN', '2021-03-29 13:22:35', '2021-03-29 13:22:39'),
(297, 3, '10030714', '100.00', '100,00', 'CAUCHO 410-18 TL SOLPART', 'UN', '2021-03-29 13:25:04', '2021-03-29 13:25:08'),
(298, 3, '10024910', '30.00', '30', 'CAUCHO 3.50-104P TL 51J K348 KENDA', 'UN', '2021-03-29 14:16:51', '2021-03-29 14:16:53'),
(298, 3, '10030745', '20.00', '20', 'CAUCHP 140/90-15 TL 70 H E4 K657', 'UN', '2021-03-29 14:20:07', '2021-03-29 14:20:17'),
(298, 3, '10030746', '30.00', '30', 'CAUCHO 130/90-15 TL 66 H K657 KENDA ', 'UN', '2021-03-29 14:25:18', '2021-03-29 14:25:21'),
(298, 3, '10028561', '30.00', '30', 'CAUCHO 120/70B19 TL 60 H E4 M+5 K678F', 'UN', '2021-03-29 14:34:43', '2021-03-29 14:34:44'),
(298, 3, '10030724', '30.00', '30', 'CAUCHO 120/90-10 TL 57 J E11 K761', 'UN', '2021-03-29 14:37:03', '2021-03-29 14:37:05'),
(298, 3, '10030725', '30.00', '30', 'CAUCHO 130/90-10 TL 61 E11 K761 KENDA', 'UN', '2021-03-29 14:38:47', '2021-03-29 14:39:02'),
(298, 3, '10030726', '30.00', '30', 'CAUCHO 90/90-10 TL 55 M E4 K6011 KENDA', 'UN', '2021-03-29 14:40:41', '2021-03-29 14:40:43'),
(298, 3, '10023692', '30.00', '30', 'CAUCHO 145/70-6 4P TL18 F E11 K290', 'UN', '2021-03-29 14:42:11', '2021-03-29 14:42:12'),
(298, 3, '10030727', '30.00', '30', 'CAUCHO 26/9.00-12 8PR TL 49 K3201 KENDA', 'UN', '2021-03-29 14:43:31', '2021-03-29 14:43:42'),
(299, 3, '10030728', '30.00', '30', 'CAUCHO 26/11.00-12 8PR TL 55 K3201 KENDA', 'UN', '2021-03-29 14:48:23', '2021-03-29 14:48:25'),
(299, 3, '10030729', '30.00', '30', 'CAUCHO 25/10.00-12 8PR TL 50 K3201 KENDA', 'UN', '2021-03-29 14:50:00', '2021-03-29 14:50:00'),
(299, 3, '10030730', '30.00', '30', 'CAUCHO 25/8.00-12 8P´R TL 43 K3201 KENDA', 'UN', '2021-03-29 14:51:29', '2021-03-29 14:51:33'),
(299, 3, '10030747', '100.00', '100', 'TRIPA 120/100-18 TR6 SUPER TUFF KENDA', 'UN', '2021-03-29 14:53:09', '2021-03-29 14:53:10'),
(299, 3, '10030748', '100.00', '100', 'TRIPA 110/120/90-19 TR6 SUPER TUFF KENDA ', 'UN', '2021-03-29 14:58:47', '2021-03-29 14:58:50'),
(299, 3, '10030749', '100.00', '100', 'TRIPA 80/100-21 TR6 SUPER TUFF KENDA', 'UN', '2021-03-29 15:03:09', '2021-03-29 15:03:10'),
(299, 3, '10030750', '100.00', '100', 'TRIPA 110/100-18 TR6 SUPER TUFF KENDA', 'UN', '2021-03-29 15:04:27', '2021-03-29 15:04:29'),
(299, 3, '10028559', '30.00', '30', 'CAUCHO 150/70B17 TL 69 Q M+S E4 K784', 'UN', '2021-03-29 15:06:38', '2021-03-29 15:06:39'),
(300, 3, '10030731', '30.00', '30', 'CAUCHO 90/100-21 57 M K77 KENDA', 'UN', '2021-03-29 15:16:20', '2021-03-29 15:16:21'),
(300, 3, '10030732', '30.00', '30', 'CAUCHO 110/100-18 64 M SIN K774', 'UN', '2021-03-29 15:17:42', '2021-03-29 15:17:42'),
(300, 3, '10030733', '30.00', '30', 'caucho 120/100-18 68 m k774 kenda', 'UN', '2021-03-29 15:34:54', '2021-03-29 15:34:54'),
(300, 3, '10030734', '30.00', '30', 'CAUCHO 90/100-21 57 M K785F KENDA', 'UN', '2021-03-29 15:38:41', '2021-03-29 15:38:41'),
(300, 3, '10030735', '30.00', '30', 'CAUCHO 80/100-21 51 M K785F KENDA', 'UN', '2021-03-29 15:40:05', '2021-03-29 15:40:06'),
(300, 3, '10030736', '30.00', '30', 'CAUCHO 110/100-18 64 M K785 KENDA', 'UN', '2021-03-29 15:42:24', '2021-03-29 15:42:25'),
(300, 3, '10030737', '30.00', '30', 'CAUCHO 120/100-18 67 M K785 KENDA', 'UN', '2021-03-29 15:43:39', '2021-03-29 15:43:39'),
(300, 3, '10038738', '30.00', '30', 'CAUCHO 120/80-19 63M K 785 KENDA', 'UN', '2021-03-29 15:58:16', '2021-03-29 15:59:11'),
(300, 3, '10024909', '30.00', '30', 'CAUCHO 90/90-17 4P TL 49P K329 E4 KENDA', 'UN', '2021-03-29 16:01:43', '2021-03-29 16:01:51'),
(300, 3, '10028565', '30.00', '30', 'CAUCHO 170/60B17 TL 72H M+S E4 K678', 'UN', '2021-03-29 16:13:33', '2021-03-29 16:13:37'),
(301, 3, '10028562', '30.00', '30', 'CAUCHO 120/70B19 TL 60 Q M+SE 4 K 784F', 'UN', '2021-03-29 16:54:27', '2021-03-29 16:54:27'),
(301, 3, '10025451', '30.00', '30', 'CAUCHO 130/80-17 4PR 65H E11 K761 KENDA', 'UN', '2021-03-29 17:13:19', '2021-03-29 17:13:23'),
(301, 3, '10025452', '30.00', '30', 'CAUCHO 90/90-21 4P TL54H K761 KENDA', 'UN', '2021-03-29 17:18:10', '2021-03-29 17:18:14'),
(301, 3, '10030739', '30.00', '30', 'CAUCHO 90/90B21 TL 54 T M+S K784F KENDA', 'UN', '2021-03-29 17:20:40', '2021-03-29 17:20:46'),
(301, 3, '10030740', '30.00', '30', 'CAUCHO 140/80B18 TL 70 R M+S K784 KENDA', 'UN', '2021-03-29 17:24:17', '2021-03-29 17:24:21'),
(301, 3, '10030741', '30.00', '30', 'CAUCHO 150/70B18 TL 70 Q M+S K784 KENDA', 'UN', '2021-03-29 18:15:07', '2021-03-29 18:15:11'),
(301, 3, '10030755', '30.00', '30', 'CAUCHO 170/60B17 TL 72 Q M+S E4 K784', 'UN', '2021-03-29 18:17:30', '2021-03-29 18:17:35'),
(301, 3, '10030742', '30.00', '30', 'CAUCHO 130/80B17 TL 65 T M+S K784 KENDA', 'UN', '2021-03-29 18:19:29', '2021-03-29 18:19:32'),
(301, 3, '10028563', '30.00', '30', 'CAUCHO 110/80B19 TL 59 Q M+S E4 K784F', 'UN', '2021-03-29 18:21:04', '2021-03-29 18:21:08'),
(301, 3, '10030743', '30.00', '30', 'CAUCHO 24/11.00-10 6PR TL K299 KENDA', 'UN', '2021-03-29 18:22:29', '2021-03-29 18:22:33'),
(302, 3, '10026497', '70.00', '70', 'CAUCHO (EX) 175/70R13 82T 109 TRACMAX', 'UN', '2021-03-30 13:40:17', '2021-03-30 13:40:18'),
(302, 3, '10027557', '1.00', '1', 'JH-60C/ JUNHV 60 CS (EX) BALANCEADORA', 'UN', '2021-03-30 13:57:38', '2021-03-30 13:57:39'),
(302, 3, '10027559', '1.00', '1', 'JH-706E(EX) SACA CAUCHO', 'UN', '2021-03-30 13:59:38', '2021-03-30 13:59:38'),
(303, 2, '10030627', '1.00', '1', 'RELE ARRANQUE HJ250C SOLOPART', 'UN', '2021-03-30 15:45:52', '2021-03-30 15:45:54'),
(304, 3, 'N/A', '1.00', '1', 'ZAPATO DEPORTIVO TALLA 40', 'PAA', '2021-03-30 17:50:54', '2021-03-30 17:50:55'),
(304, 3, 'N/A', '1.00', '1', 'ZAPATO DEPORTIVO TALL 37 ', 'PAA', '2021-03-30 17:54:29', NULL),
(306, 3, '00000', '0.00', '00', 'ANULADA', 'BTO', '2021-04-05 02:30:32', '2021-04-05 02:30:32'),
(307, 3, '00000', '0.00', '00', 'ANULADA', 'BTO', '2021-04-05 02:30:32', '2021-04-05 02:30:32'),
(308, 3, '10026908', '550.00', '550', 'FUMIGADORA DE ESPALDA SPF20S', 'UN', '2021-04-05 16:30:21', '2021-04-05 16:30:21'),
(308, 3, '10030394', '400.00', '400', 'FUMIGADORA DE ESPALDA SPF20AS', 'UN', '2021-04-05 16:30:21', '2021-04-05 16:30:21'),
(310, 3, 'und', '4.00', '1', 'TIVO STREAM ANDROID TV MODELO IPA1104HDW-01', 'UN', '2021-04-05 20:30:35', '2021-04-05 20:30:35'),
(311, 3, '10026908', '350.00', '350', 'FUMIGADORA ESPALDA GSLN SPF20S SOLPOWER', 'UN', '2021-04-05 21:46:15', '2021-04-05 21:46:15'),
(311, 3, '10030394', '350.00', '350', 'FUMIGADORA ESPALDA GSLN SPF20AS SOLPOWER', 'UN', '2021-04-05 21:46:15', '2021-04-05 21:46:15'),
(312, 3, '10026908', '200.00', '200', 'FUMIGADORA ESPALDA GSLN SPF20S SOLPOWER', 'UN', '2021-04-05 21:48:19', '2021-04-05 21:48:19'),
(313, 3, 'S/C', '1.00', '1', 'VARILLA DE ROCIADOR SPF8S GSLN SOLPOWER', 'UN', '2021-04-05 22:20:04', '2021-04-05 22:20:04'),
(313, 3, 'S/C', '2.00', '1', 'CONEXIONES DE ROCIADOR SPF8S GSLN SOLPOWER', 'UN', '2021-04-05 22:20:04', '2021-04-05 22:20:04'),
(314, 3, '10026543', '20.00', '20', 'CAUCHO(EX) 235/75R15 109TXL AT01 TRACMAX', 'UN', '2021-04-06 16:18:24', '2021-04-06 16:18:24'),
(314, 3, '10026497', '68.00', '68', 'CAUCHO (EX) 175/70R13 82T 109 TRACMAX', 'UN', '2021-04-06 16:18:24', '2021-04-06 16:18:24'),
(314, 3, '10020331', '1000.00', '1000', 'TRIPA 410-18 TR4 SOLPART', 'UN', '2021-04-06 16:18:24', '2021-04-06 16:18:24'),
(314, 3, '10026859', '20.00', '20', 'CAUCHOEX 235/75R17.5 16PR132/130M WH1020', 'UN', '2021-04-06 16:18:24', '2021-04-06 16:18:24'),
(314, 3, '10028572', '180.00', '180', 'CAUCHO 350-10 TL 8PR SOLPART', 'UN', '2021-04-06 16:18:24', '2021-04-06 16:18:24'),
(315, 2, '10030394', '85.00', '85', 'FUMIGADORA ESPALDA GSLN SPF20AS SOLPOWER', 'UN', '2021-04-06 23:16:07', '2021-04-06 23:16:07'),
(316, 2, '10026908', '15.00', '15', 'FUMIGADORA ESPALDA GSLN SPF20S SOLPOWER', 'UN', '2021-04-06 23:49:25', '2021-04-06 23:49:25'),
(316, 2, '10024663', '1.00', '1', 'HIDROJET 120V/60HZ 1900E SERIAL 16070154', 'UN', '2021-04-06 23:49:25', '2021-04-06 23:49:25'),
(317, 3, '10026496', '100.00', '100', 'CAUCHO (EX) 175/65R14 82H 109 TRACMAX', 'UN', '2021-04-07 15:51:56', '2021-04-07 15:51:56'),
(317, 3, '10026512', '20.00', '20', 'CAUCHO (EX) LT265/75R16 123/120Q M/T TRA', 'UN', '2021-04-07 15:51:56', '2021-04-07 15:51:56'),
(317, 3, '10024911', '50.00', '50', 'CAUCHO 3.60-18 57P K266 6P TL KENDA', 'UN', '2021-04-07 15:51:56', '2021-04-07 15:51:56'),
(317, 3, '10025462', '30.00', '30', 'CAUCHO KS1106 90/90-21 TT SOLPART', 'UN', '2021-04-07 15:51:56', '2021-04-07 15:51:56'),
(317, 3, '10026915', '22.00', '22', 'CAUCHO(EX) 175/65R14 82T MASSE290 NAMA', 'UN', '2021-04-07 15:51:56', '2021-04-07 15:51:56'),
(317, 3, '10012336', '2.00', '2', 'TRILLADORA  XS980-010R GSLN SOLPOWER', 'UN', '2021-04-07 15:51:56', '2021-04-07 15:51:56'),
(318, 3, '10030394', '300.00', '300', 'FUMIGADORA ESPALDA GSLN SPF20AS SOLPOWER', 'UN', '2021-04-07 16:39:17', '2021-04-07 16:39:17'),
(319, 3, '10028756', '300.00', '6', 'TRIPA A/V 48MM 26x2.125 BICICLETA', 'UN', '2021-04-07 17:51:27', '2021-04-07 17:51:27'),
(324, 3, '1000067', '10.00', '10', 'SUPER PRO MAX SYN BLAEND 5W30 12X1L', 'UN', '2021-04-08 15:45:00', '2021-04-08 15:45:00'),
(324, 3, '1000068', '10.00', '10', 'SUPER PRO MAX SYN BLAEND 20W50 12X1L', 'UN', '2021-04-08 15:45:00', '2021-04-08 15:45:00'),
(324, 3, '1000070', '10.00', '10', 'MAGNUN TURBO D H/D 15W40 12X1L', 'UN', '2021-04-08 15:45:00', '2021-04-08 15:45:00'),
(324, 3, '1000072', '10.00', '10', 'MAGNUN TURBO D H/D SAE 50 1 X 18,9 L', 'UN', '2021-04-08 15:45:00', '2021-04-08 15:45:00'),
(324, 3, '1000071', '10.00', '10', 'MAGNUN TURBO D 20W50 1 X 18,9 L', 'UN', '2021-04-08 15:45:00', '2021-04-08 15:45:00'),
(325, 3, '10026846', '1.00', '1', 'MOTOR FUERA DE BORDA DT15AL 15HP NG', 'UN', '2021-04-08 16:44:19', '2021-04-08 16:44:19'),
(326, 3, '10028191', '1.00', '1', 'BATERIA YTX30-BS SOLBATTERY', 'UN', '2021-04-08 18:29:09', '2021-04-08 18:29:09'),
(327, 3, 'UND', '1.00', NULL, 'Radio Baofeng Model: UV-5R Serial: 13U38361851', '0', '2021-04-08 18:44:47', '2021-04-08 18:44:47'),
(328, 3, '1000068', '10.00', '10', 'SUPER PRO MAX SYN BLEND 20W50 12X1', 'UN', '2021-04-09 15:32:16', '2021-04-09 15:32:16'),
(328, 3, '1000066', '10.00', '10', 'D/M AUTOMATIC TRANSIMISION 12X1', 'UN', '2021-04-09 15:32:16', '2021-04-09 15:32:16'),
(328, 3, '1000008', '180.00', '180', '5100 15W50 4T 12X1', 'UN', '2021-04-09 15:32:16', '2021-04-09 15:32:16'),
(328, 3, '1000064', '180.00', '180', '3000 20W50 4T 12X1', 'UN', '2021-04-09 15:32:16', '2021-04-09 15:32:16'),
(328, 3, '1000006', '90.00', '90', '2100 PERFORMANCE 150W40 12X1', 'UN', '2021-04-09 15:32:16', '2021-04-09 15:32:16'),
(329, 3, '10022705', '15.00', '15', 'BOMBA SPBH20G AGUA A/P 2\" GSLN', 'UN', '2021-04-09 15:35:21', '2021-04-09 15:35:21'),
(330, 3, '10030712', '200.00', '200', 'CAUCHO 90/90-12 TL SOLPART', 'UN', '2021-04-12 16:17:01', '2021-04-12 16:17:01'),
(332, 3, '10030010', '100.00', '100', 'PAPEL TISSUE PAQUETE 4 UNIDADES BULTO DE DE 20', 'UN', '2021-04-12 17:50:31', '2021-04-12 17:50:31'),
(332, 3, '10030000', '320.00', '320', 'PAPEL TISSUE PAQUETE DE 2 UNIDADES BULTOS DE 40', 'UN', '2021-04-12 17:50:31', '2021-04-12 17:50:31'),
(333, 3, '10027677', '1.00', '1', 'PILA BOMBA GSLN DL650 SOLPART', 'UN', '2021-04-13 16:42:44', '2021-04-13 16:42:44'),
(334, 3, 'S/C', '5.00', '5', 'LAMPARAS TIPO SETA', 'UN', '2021-04-13 18:36:05', '2021-04-13 18:36:05'),
(335, 3, 'UND', '1.00', NULL, 'Impresora Epson L3110 serial: X644665451', '0', '2021-04-13 19:21:29', '2021-04-13 19:21:29'),
(336, 3, 'S/C', '1.00', '1', 'VARILLA', 'UN', '2021-04-13 21:57:53', '2021-04-13 21:57:53'),
(337, 3, '10026826', '1.00', '1', 'BATERIA 43MR 800AMP 275-174-174 SOLPOWER', 'UN', '2021-04-13 22:10:03', '2021-04-13 22:10:03'),
(338, 3, NULL, '5.00', '5', 'coronas lamparás seta', 'UN', '2021-04-13 22:36:21', '2021-04-13 22:36:21'),
(339, 3, '10030000', '80.00', '80', 'PAPEL TISSUE 2 UNDS x 40 X BULTO', 'BTO', '2021-04-14 16:41:23', '2021-04-14 16:41:23'),
(339, 3, '10030007', '96.00', '96', 'SERVILLETAS LUNCHOEN GOURMET 8 UND', 'BTO', '2021-04-14 16:41:23', '2021-04-14 16:41:23'),
(339, 3, '10030003', '192.00', '192', 'TOALLIN ABSORVENT KITCHEN PAPER 24 UND', 'BTO', '2021-04-14 16:41:23', '2021-04-14 16:41:23'),
(340, 1, 'e333', '3.00', '3', '333', 'BTO', '2021-04-14 18:30:02', '2021-04-14 18:30:02'),
(351, 3, '0000000', '0.00', '00', 'TRANSACION POR VALIDACION EN LA APLIACCION', 'BTO', '2021-04-14 19:06:58', '2021-04-14 19:06:58'),
(352, 1, '10028600', '1.00', '1', 'BUJIA BPR5ES-11 1X4 NGK', 'UN', '2021-04-14 19:21:49', '2021-04-14 19:21:49'),
(354, 1, '10028600', '1.00', '1', 'BUJIA BPR5ES-11 1X4 NGK', 'UN', '2021-04-14 19:36:47', '2021-04-14 19:36:47'),
(354, 1, '10028602', '1.00', '1', 'BUJIA BPR7ES 1X4 NGK', 'UN', '2021-04-14 19:36:47', '2021-04-14 19:36:47'),
(354, 1, '10028603', '1.00', '1', 'BUJIA CR6HSA 1X4 NGK', 'UN', '2021-04-14 19:36:47', '2021-04-14 19:36:47'),
(354, 1, '10028624', '1.00', '1', 'BUJIA CR9EIX 1X4 NGK', 'UN', '2021-04-14 19:36:47', '2021-04-14 19:36:47'),
(354, 1, '10028625', '1.00', '1', 'BUJIA D8EA 1X10 NGK', 'UN', '2021-04-14 19:36:47', '2021-04-14 19:36:47'),
(354, 1, '10012811', '1.00', '1', 'BUJIA CR8EK SV1000/VZR1800 NGK', 'UN', '2021-04-14 19:36:47', '2021-04-14 19:36:47'),
(354, 1, '10012804', '1.00', '1', 'BUJIA CR9EK DL1000/GSX750 NGK', 'UN', '2021-04-14 19:36:47', '2021-04-14 19:36:47'),
(354, 1, '10028623', '1.00', '1', 'BUJIA CR8E 1X4 NGK', 'UN', '2021-04-14 19:36:47', '2021-04-14 19:36:47'),
(354, 1, '10012801', '1.00', '1', 'BUJIA CR9E 4PZ AN400/GSR600/DR650 NGK', 'UN', '2021-04-14 19:36:47', '2021-04-14 19:36:47'),
(355, 3, '10028965', '5.00', '5', 'MANGUERA 3/4 /\'\'CON ACOPLE OPW', 'UN', '2021-04-15 15:15:00', '2021-04-15 15:15:00'),
(356, 3, 'SB10030078', '1.00', '1', 'BICICLETA MTB R26 24V DISC HYD BRAKE', 'UN', '2021-04-15 18:50:22', '2021-04-15 18:50:22'),
(357, 3, '10030713', '150.00', '150', 'CAUCHO 90/90-21 TL SOLPART', 'UN', '2021-04-16 15:45:27', '2021-04-16 15:45:27'),
(357, 3, '10027565', '150.00', '150', 'CAUCHO 130/80-17 8PR TL SOLPART', 'UN', '2021-04-16 15:45:27', '2021-04-16 15:45:27'),
(357, 3, '1000008', '180.00', '180', '5100 15W50 4T 12X1L CAJA', 'UN', '2021-04-16 15:45:27', '2021-04-16 15:45:27'),
(357, 3, 'ORD001', '2.00', '2', 'MAQUINA ORDEÑADORA ELECTRICA 2 CANTARA', 'UN', '2021-04-16 15:45:27', '2021-04-16 15:45:27'),
(358, 3, 'S/C', '1.00', '01', 'BANDERIN MOTUL C/BASE', 'UN', '2021-04-16 21:44:11', '2021-04-16 21:44:11'),
(359, 3, '10021586', '2.00', '2', 'ROCIADORSPF8S GLSN SOLPOWER', 'UN', '2021-04-20 19:50:46', '2021-04-20 19:50:47'),
(360, 3, 'n/a', '1.00', '1', 'CINTA ADHESIVA PARA EMBALAR TRANSPARENTE CAJA DE 3', 'CA', '2021-04-21 11:51:41', '2021-04-21 11:51:41'),
(371, 1, 'WBGST0A3U2B01Z', '1.00', '1', 'CARGADOR LAPTO', 'UN', '2021-04-21 23:25:40', '2021-04-21 23:25:40'),
(371, 1, 'CNU2121Q8Q', '1.00', '1', 'LAPTO HP', 'UN', '2021-04-21 23:25:40', '2021-04-21 23:25:40'),
(372, 3, '10028191', '1.00', '1', 'BATERIA YTX30-BS SOLBATTERY', 'UN', '2021-04-22 18:52:22', '2021-04-22 18:52:22'),
(373, 2, 'S12911-28H00', '2.00', '2', 'VALVULA ADM RMZ450 SUZUKI', 'UN', '2021-04-22 22:26:52', '2021-04-22 22:26:52'),
(374, 3, 'S/C', '1.00', '1', 'EXHIBIDOR DE BATERIA', 'UN', '2021-04-22 23:52:17', '2021-04-22 23:52:17'),
(392, 1, 'CNB2NBN41V', '1.00', '1', 'HP Laser MFP 135w', 'UN', '2021-04-26 22:42:14', '2021-04-26 22:42:14'),
(399, 3, 's/n', '1.00', '1', 'RESMA DE PAPEL', 'UN', '2021-04-26 23:03:01', '2021-04-26 23:03:01'),
(399, 3, 'S/N', '1.00', '1', 'CABLS DE CORRIENTE', 'UN', '2021-04-26 23:03:01', '2021-04-26 23:03:01'),
(399, 3, 'S/N', '1.00', '1', 'CABLE UBS', 'UN', '2021-04-26 23:03:01', '2021-04-26 23:03:01'),
(400, 3, '10024206', '1.00', '1', 'BATERIA YTX9-BS SOLBATTERY', 'UN', '2021-04-27 19:10:45', '2021-04-27 19:10:45'),
(401, 1, 'UND', '1.00', NULL, 'Mouse USB marca DELL', 'UN', '2021-04-27 22:39:21', '2021-04-27 22:39:21'),
(409, 3, '151100603004', '1.00', '1', 'Domo Ptz', 'UN', '2021-04-28 18:04:26', '2021-04-28 18:04:26'),
(409, 3, 'S/C', '1.00', '1', 'Cable Cat. 6 256 mts', 'UN', '2021-04-28 18:04:26', '2021-04-28 18:04:26'),
(410, 3, '10024048', '3.00', '3', 'ARRANQUE EN125/GN125 SOLPART', 'UN', '2021-04-28 21:54:01', '2021-04-28 21:54:01'),
(411, 3, 'S/C', '1.00', '1', 'EXHIBIDOR MOTUL', 'UN', '2021-04-29 22:33:29', '2021-04-29 22:33:29'),
(420, 3, '1000018', '70.00', '70', 'SUZUKI MARINE 2T 12X1L', 'CA', '2021-04-30 22:22:26', '2021-04-30 22:22:26'),
(420, 3, '1000069', '159.00', '159', 'MARINE 2 CYCLE OUTBOARD 12X1L CAM2', 'CA', '2021-04-30 22:22:26', '2021-04-30 22:22:26'),
(421, 3, 'S/C', '1.00', '1', 'SISTEMA DE FRENO DELANTERO', 'UN', '2021-05-04 16:48:58', '2021-05-04 16:48:58'),
(422, 3, 'S127601-19F01', '6.00', '6', 'CADENA TIEMPO AN400/DL650 SUZUKI', 'UN', '2021-05-05 00:48:38', '2021-05-05 00:48:38'),
(423, 3, 'S/C', '1.00', '1', 'GATO HIDRAULICO DE PUENTE (FACT  391479)', 'UN', '2021-05-05 16:31:00', '2021-05-05 16:31:00'),
(424, 3, 'S/C', '1.00', '1', 'ROLLO ENVOPLATS', 'UN', '2021-05-06 18:16:54', '2021-05-06 18:16:54'),
(425, 3, 'S/C', '4.00', '4', 'BANDERINES  MOTUL', 'UN', '2021-05-06 23:12:56', '2021-05-06 23:12:56'),
(433, 3, 's/c', '2.00', '1', 'ZAPATO DEPORTIVOS TALLA 36', 'UN', '2021-05-07 17:15:41', '2021-05-07 17:15:41'),
(433, 3, 's/c', '13.00', '1', 'ZAPATO DEPORTIVOS TALLA 39', 'UN', '2021-05-07 17:15:41', '2021-05-07 17:15:41'),
(433, 3, 's/c', '6.00', '1', 'ZAPATO DEPORTIVOS TALLA 40', 'UN', '2021-05-07 17:15:41', '2021-05-07 17:15:41'),
(433, 3, 's/c', '1.00', '1', 'ZAPATO DEPORTIVOS TALLA 41', 'UN', '2021-05-07 17:15:41', '2021-05-07 17:15:41'),
(433, 3, 's/c', '2.00', '1', 'ZAPATO DEPORTIVOS TALLA 42', 'UN', '2021-05-07 17:15:41', '2021-05-07 17:15:41'),
(433, 3, 's/c', '2.00', '1', 'ZAPATO DEPORTIVOS TALLA 43', 'UN', '2021-05-07 17:15:41', '2021-05-07 17:15:41'),
(434, 3, 'S/C', '5.00', '1', 'CAMISAS SERVICIOS TECNICOS TALLA L', 'UN', '2021-05-07 17:23:10', '2021-05-07 17:23:10'),
(434, 3, 'S/C', '2.00', '1', 'TIRRO DE EMBALAJE', 'UN', '2021-05-07 17:23:10', '2021-05-07 17:23:10'),
(435, 2, '10015701', '1.00', '1', 'TOLDO 3X3 AZUL CANOPY', 'UN', '2021-05-07 18:57:46', '2021-05-07 18:57:46'),
(436, 2, '10015701', '1.00', '1', 'TOLDO 3X3 AZUL CANOPY', 'UN', '2021-05-07 19:03:04', '2021-05-07 19:03:04'),
(437, 3, 'S/C', '6.00', '1', 'RELE DE ARRANQUE HJ-250', 'UN', '2021-05-10 16:43:11', '2021-05-10 16:43:11'),
(437, 3, 'S/C', '5.00', '1', 'ARRANQUE HJ-250', 'UN', '2021-05-10 16:43:11', '2021-05-10 16:43:11'),
(437, 3, 'S/C', '3.00', '1', 'CAMARA HJ-250', 'UN', '2021-05-10 16:43:11', '2021-05-10 16:43:11'),
(437, 3, 'S/C', '7.00', '1', 'EMPACADURA DE LA CAMARA HJ-250', 'UN', '2021-05-10 16:43:11', '2021-05-10 16:43:11'),
(437, 3, 'S/C', '7.00', '1', 'PISTON HJ-250', 'UN', '2021-05-10 16:43:11', '2021-05-10 16:43:11'),
(437, 3, 'S/C', '7.00', '1', 'ANILLOS JUEGOS HJ-250', 'UN', '2021-05-10 16:43:11', '2021-05-10 16:43:11'),
(437, 3, 'S/C', '7.00', '1', 'PASADOR DE PISTON HJ-250', 'UN', '2021-05-10 16:43:11', '2021-05-10 16:43:11'),
(437, 3, 'S/C', '7.00', '1', 'BANDAS HJ-250', 'UN', '2021-05-10 16:43:11', '2021-05-10 16:43:11'),
(437, 3, 'S/C', '7.00', '1', 'CAUCHOS DELANTEROS SIN RIN', 'UN', '2021-05-10 16:43:11', '2021-05-10 16:43:11'),
(439, 3, '1000051', '12.00', '1', 'DEXRON III 12X1L', 'UN', '2021-05-10 19:28:00', '2021-05-10 19:28:00'),
(440, 3, '31B000001', '1.00', '1', 'JUEGO DE SALON MOTUL', 'UN', '2021-05-10 23:11:16', '2021-05-10 23:11:16'),
(441, 3, '1000036', '36.00', '3', 'KART GRAND PRIX 2T 12X1L', 'UN', '2021-05-11 00:33:00', '2021-05-11 00:33:00'),
(447, 3, '1000036', '60.00', '5', 'KART GRAND PRIX 2T 12X1L', 'UN', '2021-05-11 00:47:29', '2021-05-11 00:47:29'),
(447, 3, '1000016', '36.00', '3', 'C4 CHAIN LUBE FL 12X400ML', 'UN', '2021-05-11 00:47:29', '2021-05-11 00:47:29'),
(448, 2, '10028179', '7.00', '7', 'DISPENSADOR DIESEL 75L/M SOLPART', 'UN', '2021-05-11 17:49:01', '2021-05-11 17:49:01'),
(449, 2, NULL, '6.00', '1', 'ACEITE 5100 15W50 4T', 'UN', '2021-05-12 19:39:59', '2021-05-12 19:39:59'),
(450, 2, '10024147', '1.00', '1', 'CAMARA KIT HJ150-3 SOLPART', 'UN', '2021-05-14 00:06:17', '2021-05-14 00:06:17'),
(451, 3, 'S/C', '1.00', '1', 'EXHIBIDOR DE MOTOR FUERA DE BORDA', 'UN', '2021-05-14 20:13:51', '2021-05-14 20:13:51'),
(452, 1, '10028194', '2.00', '2', 'SILLA JD-2009 PLEGABLE SUZUKI', 'UN', '2021-05-14 22:14:27', '2021-05-14 22:14:27'),
(453, 1, NULL, '1.00', '1', 'TOLDO 3X3 BLANCO MARINE SZK', 'UN', '2021-05-14 22:33:00', '2021-05-14 22:33:00'),
(454, 3, 'S/C', '1.00', '1', 'CAMISA AZUL TALLA S', 'UN', '2021-05-18 00:31:30', '2021-05-18 00:31:30'),
(454, 3, 'S/C', '1.00', '1', 'TAPA MOTOSIERRA', 'UN', '2021-05-18 00:31:30', '2021-05-18 00:31:30'),
(454, 3, 'S/C', '1.00', '1', 'PASTILLA SOL 197', 'UN', '2021-05-18 00:31:30', '2021-05-18 00:31:30'),
(455, 3, 'S25110-98L10-000', '1.00', '1', 'EJE CAMBIO (XX) DF350A', 'UN', '2021-05-18 00:38:34', '2021-05-18 00:38:34'),
(456, 3, 'S/C', '1.00', '1', 'EXHIBIDOR MOTUL', 'UN', '2021-05-18 16:49:03', '2021-05-18 16:49:03'),
(459, 3, '1000112', '1.00', '1', 'KIT LEAK STOP & RADIATOR CARE MIX, 24 UND', 'UN', '2021-05-18 17:56:24', '2021-05-18 17:56:24'),
(459, 3, '1000114', '1.00', '1', 'KIT CARE, MIX 40U', 'UN', '2021-05-18 17:56:24', '2021-05-18 17:56:24'),
(461, 2, '1000054', '1.00', '1', 'TRANSOLUBLE 24X270 ML', 'CA', '2021-05-18 22:44:06', '2021-05-18 22:44:06'),
(464, 2, '10030003', '8.00', '8', 'TOALLIN ABSORBENT KITCHEN 24 ROLLOS POR BULTO', 'UN', '2021-05-18 22:53:07', '2021-05-18 22:53:07'),
(464, 2, '10030007', '12.00', '12', 'SERVILLETAS LUCHON EN 8 PAQUETES POR CAJA', 'UN', '2021-05-18 22:53:07', '2021-05-18 22:53:07'),
(464, 2, '10030010', '10.00', '10', 'PAPEL TISSUBE 300 HOJAS DOBLES PREMIUM', 'UN', '2021-05-18 22:53:07', '2021-05-18 22:53:07'),
(464, 2, '10030000', '10.00', '10', 'PAPEL TISSUBE 300 HOJAS DOBLES PREMIUM', 'UN', '2021-05-18 22:53:07', '2021-05-18 22:53:07'),
(465, 1, 'N/A', '1.00', '1', 'CAMISA AZUL/BANCO CABALLERO TALLA 2XL', 'UN', '2021-05-19 15:49:28', '2021-05-19 15:49:28'),
(465, 1, 'N/A', '1.00', '1', 'CAMISA AZUL/GRIS TALLA XL', 'UN', '2021-05-19 15:49:28', '2021-05-19 15:49:28'),
(466, 2, '10023287', '1.00', '1', 'NYLON REDONDO RIEL LR 2.7 MM X 5LBS', 'UN', '2021-05-19 21:06:36', '2021-05-19 21:06:36'),
(466, 2, '10030111', '1.00', '1', 'CUCHILLA 5 PUNTA DESM SPD430G SOLPOWER', 'UN', '2021-05-19 21:06:36', '2021-05-19 21:06:36'),
(467, 3, 'S/C', '50.00', '1', 'MOUSE PAD AGRICOLA', 'UN', '2021-05-19 22:02:39', '2021-05-19 22:02:39'),
(467, 3, 'S/C', '50.00', '1', 'MOUSE PAD MOTUL', 'UN', '2021-05-19 22:02:39', '2021-05-19 22:02:39'),
(468, 1, 'S/C', '1.00', '1', 'EXHIBIDOR MOTUL', 'UN', '2021-05-19 22:42:28', '2021-05-19 22:42:28'),
(469, 3, 'S/C', '5.00', '1', 'JUEGO DE CUCHILLAS MOTOCULTOR GASOL 177', 'UN', '2021-05-20 18:55:29', '2021-05-20 18:55:29'),
(470, 3, 'S/C', '1.00', '1', '5100 15W50 4T 1L', 'UN', '2021-05-20 19:01:40', '2021-05-20 19:01:40'),
(471, 3, 'S/C', '3.00', '1', 'BATTERY 12V14A', 'UN', '2021-05-21 00:00:13', '2021-05-21 00:00:13'),
(471, 3, 'S/C', '2.00', '1', 'CDI', 'UN', '2021-05-21 00:00:13', '2021-05-21 00:00:13'),
(471, 3, 'S/C', '6.00', '1', 'LEFT BRAKE', 'UN', '2021-05-21 00:00:13', '2021-05-21 00:00:13'),
(471, 3, 'S/C', '4.00', '1', 'RIGHT BRAKE', 'UN', '2021-05-21 00:00:13', '2021-05-21 00:00:13'),
(471, 3, 'S/C', '3.00', '1', 'HEADLAMP', 'UN', '2021-05-21 00:00:13', '2021-05-21 00:00:13'),
(471, 3, 'S/C', '5.00', '1', 'THROTTLE GRIP', 'UN', '2021-05-21 00:00:13', '2021-05-21 00:00:13'),
(471, 3, 'S/C', '4.00', '1', 'HORN', 'UN', '2021-05-21 00:00:13', '2021-05-21 00:00:13'),
(471, 3, 'S/C', '6.00', '1', 'BRAKE BEANS', 'UN', '2021-05-21 00:00:13', '2021-05-21 00:00:13'),
(471, 3, 'S/C', '2.00', '1', 'WIRE HARNESS', 'UN', '2021-05-21 00:00:13', '2021-05-21 00:00:13'),
(471, 3, 'S/C', '2.00', '1', 'TURN SIGNAL LAMP', 'UN', '2021-05-21 00:00:13', '2021-05-21 00:00:13'),
(471, 3, 'S/C', '2.00', '1', 'SHIFT LEVER', 'UN', '2021-05-21 00:00:13', '2021-05-21 00:00:13'),
(471, 3, 'S/C', '2.00', '1', 'REARVIEW MIRRORS', 'UN', '2021-05-21 00:00:13', '2021-05-21 00:00:13'),
(471, 3, 'S/C', '2.00', '1', 'FRONT BRAKE CABEL', 'UN', '2021-05-21 00:00:13', '2021-05-21 00:00:13'),
(471, 3, 'S/C', '2.00', '1', 'HEADLAMP BULB', 'UN', '2021-05-21 00:00:13', '2021-05-21 00:00:13'),
(471, 3, 'S/C', '10.00', '1', 'CAP HUB FRONT', 'UN', '2021-05-21 00:00:13', '2021-05-21 00:00:13'),
(472, 3, 'S34000-9673-000', '2.00', '1', 'RELOJ DIG DOBLE ELECT KIT DF150AP-350A', 'UN', '2021-05-21 00:19:14', '2021-05-21 00:19:14'),
(472, 3, 'S34000-96L74', '1.00', '1', 'RELOJ DIG DOBLE ELEC KIT DF150 SUZUKI', 'UN', '2021-05-21 00:19:14', '2021-05-21 00:19:14'),
(472, 3, 'S67000-98JJ6-000', '2.00', '1', 'KIT INST TRIPLE', 'UN', '2021-05-21 00:19:14', '2021-05-21 00:19:14'),
(472, 3, 'S36621-98J00-000', '2.00', '1', 'ARNES DOS MOTORES DF150AP-350A', 'UN', '2021-05-21 00:19:14', '2021-05-21 00:19:14'),
(472, 3, 'S36001-88L00-000', '2.00', '1', 'KIT RED NMEA', 'UN', '2021-05-21 00:19:14', '2021-05-21 00:19:14'),
(472, 3, 'S99000-81201-000', '1.00', '1', 'LAVADO MOTOR KIT DF350A', 'UN', '2021-05-21 00:19:14', '2021-05-21 00:19:14'),
(472, 3, 'N/A', '1.00', '1', 'BURRO SOPORTE PATA MOTOR FUERA DE BORDA', 'UN', '2021-05-21 00:19:14', '2021-05-21 00:19:14'),
(473, 3, '10009487', '464.00', '464', 'MALETA DOB29100 NG/NG SH29L SHAD', 'UN', '2021-05-21 16:04:44', '2021-05-21 16:04:44'),
(474, 3, 'S/C', '1.00', '1', 'EXHIBIDOR DE BATERIAS', 'UN', '2021-05-21 16:52:34', '2021-05-21 16:52:34'),
(475, 3, 'S/C', '2.00', '2', 'EHXIBIDOR MOTUL', 'UN', '2021-05-21 16:54:35', '2021-05-21 16:54:35'),
(476, 3, 'S/C', '5.00', '1', 'CAMISA AZUL CON FRANJA GRIS TALLA M', 'UN', '2021-05-24 17:11:36', '2021-05-24 17:11:36'),
(476, 3, 'S/C', '5.00', '1', 'CAMISA AZUL CON FRANJA GRIS TALLA L', 'UN', '2021-05-24 17:11:36', '2021-05-24 17:11:36'),
(476, 3, 'S/C', '5.00', '1', 'CAMISA AZUL CON FRANJA GRIS TALLA XL', 'UN', '2021-05-24 17:11:36', '2021-05-24 17:11:36'),
(476, 3, 'S/C', '5.00', '1', 'CAMISA AZUL CON FRANJA GRIS TALLA XXL', 'UN', '2021-05-24 17:11:36', '2021-05-24 17:11:36'),
(476, 3, 'S/C', '5.00', '1', 'CAMISA AZUL CON FRANJA GRIS TALLA XXXL', 'UN', '2021-05-24 17:11:36', '2021-05-24 17:11:36'),
(480, 1, 'S32900-10H00', '1.00', '1', 'CDI RMZ250 SUZUKI', 'UN', '2021-05-24 18:23:03', '2021-05-24 18:23:03'),
(481, 2, '1000023', '2.00', '2', 'C3 CHAIN LUBE 12x400 ml', 'CA', '2021-05-24 20:57:07', '2021-05-24 20:57:07'),
(481, 2, '1000016', '5.00', '5', 'C4 CHAIN LUBE FL 12x400 ml', 'CA', '2021-05-24 20:57:07', '2021-05-24 20:57:07'),
(482, 3, 'S/C', '1.00', '1', 'EXHIBIDOR MOTUL', 'UN', '2021-05-24 23:16:27', '2021-05-24 23:16:27'),
(483, 2, '10026821', '1.00', '1', 'BATERIA 22F 700AMP 232*172*205 SOLPOWER 69952100', 'UN', '2021-05-25 00:18:45', '2021-05-25 00:18:45'),
(483, 2, '10026822', '1.00', '1', 'BATERIA 22FR 700AMP 232*172*205 SOLPOWER 68952257', 'UN', '2021-05-25 00:18:45', '2021-05-25 00:18:45'),
(484, 3, 'S/C', '2.00', '2', 'EXHIBIDORES MOTUL', 'UN', '2021-05-25 17:48:23', '2021-05-25 17:48:23'),
(485, 1, 'S/C', '5.00', '5', 'EXHIBIDORES MOTUL', 'UN', '2021-05-25 18:21:32', '2021-05-25 18:21:32'),
(488, 3, '10027312', '5.00', '1', 'FILTRO BOMBA F742 GSLN DL650', 'UN', '2021-05-25 21:46:56', '2021-05-25 21:46:56'),
(489, 3, 'S/C', '1.00', '1', 'EXHIBIDOR MOTUL', 'UN', '2021-05-25 23:04:40', '2021-05-25 23:04:40'),
(490, 3, '10026497', '1.00', '1', 'CAUCHO 175/70R13 82T 109 TRACMAX', 'UN', '2021-05-26 16:36:53', '2021-05-26 16:36:53'),
(491, 1, 'S/C', '1.00', '1', 'TOLDO 3X3 COLOR ROJO', '0', '2021-05-26 16:52:39', '2021-05-26 16:52:39'),
(492, 2, '10011878', '1.00', '1', 'PORTA CG305F.8 NYLON DESM CG430 SOLPOWER', 'UN', '2021-05-28 19:42:23', '2021-05-28 19:42:23'),
(493, 2, '10024665', '3.00', '3', 'HIDROJET SPW3600G GSLN 6.5HP SOLPOWER', 'UN', '2021-05-29 01:06:54', '2021-05-29 01:06:54'),
(494, 1, '10025611', '1.00', '1', 'PASTILLA FRENO HJ150-9 SOLPART', 'UN', '2021-05-31 19:16:33', '2021-05-31 19:16:33'),
(494, 1, '10028427', '1.00', '1', 'DISCO DG FORD EXPLORER', 'UN', '2021-05-31 19:16:33', '2021-05-31 19:16:33'),
(494, 1, '10018400', '1.00', '1', 'ANILLO PISTON 23405 RM450 PROX', 'UN', '2021-05-31 19:16:33', '2021-05-31 19:16:33'),
(505, 3, 'IMPRESOTA ESPOM FX890S2', '1.00', '1', 'IMPRESORA', 'UN', '2021-05-31 20:43:47', '2021-05-31 20:43:47'),
(505, 3, 'CABLE CORRIENTE', '1.00', NULL, 'CABLE DE CORRIENTE', 'UN', '2021-05-31 20:45:26', '2021-05-31 20:44:26'),
(507, 3, 'S/C', '1.00', '1', 'ENVASE 5 LITROS 8100 5W40', 'UN', '2021-06-01 22:00:55', '2021-06-01 22:00:55'),
(508, 2, 'S/C', '3.00', '3', '6100 SYNERGIE 10W40 6 LITROS', 'UN', '2021-06-01 23:05:44', '2021-06-01 23:05:44'),
(519, 2, 'S1211-31J00-0F0', '2.00', '2', 'PISTO STD DL1000 SUZUKI', 'UN', '2021-06-01 21:32:25', '2021-06-01 21:32:26'),
(519, 2, 'S12140-31J00', '2.00', '2', 'ANILLO PISTON DL1000 SUSUKI', 'UN', '2021-06-01 21:33:26', '2021-06-01 21:32:27'),
(521, 3, 'S/C', '1.00', '1', 'PROTECTOS DE CUCHILLA DESMELEZADORA 430', 'UN', '2021-06-02 21:14:02', '2021-06-02 21:14:02'),
(522, 2, 'S12140-31J00', '1.00', '1', 'ANILLO PISTON DL 1000 SUZUKI', 'UN', '2021-06-02 23:42:44', '2021-06-02 23:42:44'),
(523, 3, '10030335', '3.00', '1', 'LUZ CRUCE SET 4P DR650 SOLPART', 'KIT', '2021-06-03 17:55:31', '2021-06-03 17:55:31'),
(524, 3, 'S/C', '1.00', '1', 'EXHIBIDOR MOTUL', 'UN', '2021-06-03 18:54:26', '2021-06-03 18:54:26'),
(525, 3, 'S/C', '3.00', '1', 'CABLE ADAPTADOR', 'UN', '2021-06-04 00:07:46', '2021-06-04 00:07:46'),
(525, 3, 'S/C', '1.00', '1', 'EJE VERTICAL XX SUP', 'UN', '2021-06-04 00:07:46', '2021-06-04 00:07:46'),
(525, 3, 'S/C', '2.00', '1', 'KIT CAJA CONTROL DOB', 'UN', '2021-06-04 00:07:46', '2021-06-04 00:07:46'),
(526, 3, '001', '3.00', '1', 'CAJA DE CABLE UTP CATEGORIA 6', 'UN', '2021-06-04 17:46:56', '2021-06-04 17:46:56'),
(526, 3, '002', '1.00', '1', 'CARGADOR PARA DOMO DE 24V DE 4AMP', 'UN', '2021-06-04 17:46:56', '2021-06-04 17:46:56'),
(526, 3, '003', '1.00', '1', 'BASE PARA DOMO', 'UN', '2021-06-04 17:46:56', '2021-06-04 17:46:56'),
(526, 3, '1511006030010', '1.00', '1', 'DOMO MODELO SPAP7310AAQ1322A', 'UN', '2021-06-04 17:46:56', '2021-06-04 17:46:56'),
(527, 3, '10020877', '10.00', '1', 'FILTRO AIRE 12-93864 DR650 EMGO', 'UN', '2021-06-04 18:57:56', '2021-06-04 18:57:56'),
(527, 3, '10020876', '5.00', '1', 'FILTRO AIRE 12-93714 RMZ250/450 EMGO', 'UN', '2021-06-04 18:57:56', '2021-06-04 18:57:56'),
(528, 3, 'S/C', '2.00', '2', 'EHXIBIDOR MOTUL', 'UN', '2021-06-04 22:58:21', '2021-06-04 22:58:21'),
(529, 3, 'S/C', '1.00', '1', 'CARGADOR DE BICICLETA SB10028961', 'UN', '2021-06-04 23:58:32', '2021-06-04 23:58:32'),
(529, 3, 'S/C', '1.00', '1', 'CAJA DE LLAVES BICICLETA SB10028961', 'UN', '2021-06-04 23:58:32', '2021-06-04 23:58:32'),
(530, 1, '10024156', '1.00', '1', 'CARBURADOR HJ150-3 SOLPART', 'UN', '2021-06-07 19:46:17', '2021-06-07 19:46:17'),
(531, 1, '10024911', '1.00', '1', 'CAUCHO 3.60-18 6PR TL K266 KENDA', 'UN', '2021-06-07 22:41:38', '2021-06-07 22:41:38'),
(532, 3, '10020877', '10.00', '1', 'FILTRO AIRE 12-93864 DR650 EMGO', 'UN', '2021-06-08 17:44:44', '2021-06-08 17:44:44'),
(533, 2, 'S11221-31J00-0F0', '1.00', '1', 'CILINDRO TRS DL1000 SUZUKI', 'UN', '2021-06-09 18:50:04', '2021-06-09 18:50:04'),
(533, 2, 'S12111-31J00-0F0', '1.00', '1', 'PISTON STD DL1000 SUZUKI', 'UN', '2021-06-09 18:50:04', '2021-06-09 18:50:04'),
(533, 2, 'S12140-31J00', '1.00', '1', 'ANILLO PISTON DL1000 SUZUKI', 'UN', '2021-06-09 18:50:04', '2021-06-09 18:50:04'),
(534, 3, 'S/C', '1.00', '1', 'POLEA ROCIADOR SPF168-30CH', 'UN', '2021-06-09 23:14:38', '2021-06-09 23:14:38'),
(535, 3, 'S/C', '1.00', '1', 'VARILLA ROCIADOR MODELO WX-900', 'UN', '2021-06-09 23:17:32', '2021-06-09 23:17:32'),
(536, 2, '10028191', '1.00', '1', 'BATERIA YTX30-BS SOLBATTERY', 'UN', '2021-06-10 18:31:04', '2021-06-10 18:31:04'),
(537, 2, '1000069', '2.00', '2', 'MARINE 2 CYCLE OUTBOARD 12X1L CAM2', 'CA', '2021-06-10 22:56:30', '2021-06-10 22:56:30'),
(538, 2, '10024209', '1.00', '1', 'BATERIA YTX14-BS SOLBATTERY', 'UN', '2021-06-11 00:20:01', '2021-06-11 00:20:01'),
(539, 2, '10025093', '3.00', '3', 'BATERIA YTX12-BS SOLBATTERY', 'UN', '2021-06-11 21:40:39', '2021-06-11 21:40:39'),
(540, 3, '10030806', '2.00', '1', 'CAMISA CAB AZ/BL TALLA L VND01 SZK', 'UN', '2021-06-11 22:53:50', '2021-06-11 22:53:50'),
(541, 2, '1000056', '3.00', '3', '8100X-CESS 5W40 12X1L', 'CA', '2021-06-11 23:00:01', '2021-06-11 23:00:01'),
(542, 2, '10013678', '5.00', '5', 'LUZ LTE-0484 (4PZAS) SIS/EST RJ HUAAN', 'UN', '2021-06-14 22:21:24', '2021-06-14 22:21:24'),
(542, 2, '10025410', '5.00', '5', 'DEFENSA LATRL DL650ABS SOLPART', 'UN', '2021-06-14 22:21:24', '2021-06-14 22:21:24'),
(543, 3, 'S/C', '1.00', '1', 'BASE DE ORDEÑADORA ELECTRICA', 'UN', '2021-06-14 23:32:17', '2021-06-14 23:32:17'),
(544, 2, '10028191', '1.00', '1', 'BATERIA YTX30-BS SOLBATTERY', 'UN', '2021-06-15 19:08:16', '2021-06-15 19:08:16'),
(545, 2, '10022749', '2.00', '2', 'CASCO BLD203 ABS NG MAT XL SOLHELMET', 'UN', '2021-06-15 23:39:07', '2021-06-15 23:39:07'),
(545, 2, '10024143', '1.00', '1', 'CASCO IS-MAX II NG/NAR L FF HJC', 'UN', '2021-06-15 23:39:07', '2021-06-15 23:39:07'),
(546, 3, '10016239', '2.00', '1', 'CADENA MOTOSIERRA ROLLO 3/8\"-058-100R', 'UN', '2021-06-15 23:46:48', '2021-06-15 23:46:48'),
(547, 3, '10028554', '1.00', '1', 'TOLDO 3X4.5 AZUL HUSQVARNA', 'UN', '2021-06-16 17:21:10', '2021-06-16 17:21:10'),
(548, 2, '10023789', '1.00', '1', 'BASE S0VS14ST MALETA KIT DL1000 SHAD', 'UN', '2021-06-16 17:52:31', '2021-06-16 17:52:31'),
(548, 2, '10030009', '1.00', '1', 'PARRILLA D1BTRPA MALETA TR37/TR48 ALM', 'UN', '2021-06-16 17:52:31', '2021-06-16 17:52:31'),
(548, 2, '10030004', '1.00', '1', 'MALETA D0TR48100 TR48 TERRA ALUMINIO', 'UN', '2021-06-16 17:52:31', '2021-06-16 17:52:31'),
(549, 3, 'S/C', '1.00', '1', 'TIRRO LOGO SOLOSON', 'UN', '2021-06-16 19:47:20', '2021-06-16 19:47:20'),
(550, 2, 'M360AL-3.6', '1.00', '1', 'BOTE INFLABLE DELUXE 3.6 M360AL SOLPOWER', 'UN', '2021-06-17 22:42:01', '2021-06-17 22:42:01'),
(553, 3, 'F3 10120238760A', '1.00', NULL, 'fuente de poder marca HP modelo HP D2402A0', 'UN', '2021-06-18 02:18:52', '2021-06-18 02:18:52'),
(554, 2, '10024209', '1.00', '1', 'BATERIA YTX14-BS SOLBATTERY', 'UN', '2021-06-18 17:24:05', '2021-06-18 17:24:05'),
(555, 3, '100000585', '1.00', '1', 'TANQUE GSLN S/COL GN125 RIALLI', 'UN', '2021-06-18 23:36:27', '2021-06-18 23:36:27'),
(556, 3, '10026821', '1.00', '1', 'BATERIA 22F 700AMP 232*172*205 SOLPOWER', 'UN', '2021-06-18 23:49:32', '2021-06-18 23:49:32'),
(557, 3, '10020049', '1.00', '1', 'CASCO BL XL O/F IS-33 HJC', 'UN', '2021-06-21 16:19:39', '2021-06-21 16:19:39'),
(557, 3, '10019982', '1.00', '1', 'CASCO FULCR MC5 GR/NG L FF NIÑO HJC', 'UN', '2021-06-21 16:19:39', '2021-06-21 16:19:39'),
(557, 3, '10024132', '1.00', '1', 'CASCO IS-MAX II BL XL FF HJC', 'UN', '2021-06-21 16:19:39', '2021-06-21 16:19:39'),
(557, 3, '10020062', '1.00', '1', 'CASCO IS-MAX II NG MAT M F/F HJC', 'UN', '2021-06-21 16:19:39', '2021-06-21 16:19:39'),
(557, 3, '10020060', '1.00', '1', 'CASCO IS-MAX II NG XXL FF HJC', 'UN', '2021-06-21 16:19:39', '2021-06-21 16:19:39'),
(557, 3, '10024144', '1.00', '1', 'CASCO IS-MAX II NG/NAR XL FF HJC', 'UN', '2021-06-21 16:19:39', '2021-06-21 16:19:39'),
(557, 3, '10024139', '1.00', '1', 'CASCO IS-MAX II NG/VR FLUO L FF HJC', 'UN', '2021-06-21 16:19:39', '2021-06-21 16:19:39'),
(557, 3, '10024134', '1.00', '1', 'CASCO IS-MAX II VR FLUO M FF HJC', 'UN', '2021-06-21 16:19:39', '2021-06-21 16:19:39'),
(558, 3, '10014205', '10.00', '1', 'ESPEJO 20-97120 YAM PAR 10MM EMGO', 'SET', '2021-06-21 21:30:39', '2021-06-21 21:30:39'),
(559, 3, 'S/C', '1.00', '1', '9959 LIQUID SPEED WAX  380ML', 'UN', '2021-06-22 19:28:52', '2021-06-22 19:28:52'),
(560, 3, '10008080', '1.00', '1', 'AMORTIGUADOR 2PZ EN125 SOLPART', 'UN', '2021-06-22 22:54:31', '2021-06-22 22:54:31'),
(561, 3, 'S/C', '20.00', '20', 'PALETAS', 'UN', '2021-06-23 16:00:29', '2021-06-23 16:00:29'),
(561, 3, 'S/C', '1.00', '1', 'ROLLO DE ENVOPLAST', 'UN', '2021-06-23 16:00:29', '2021-06-23 16:00:29'),
(561, 3, 'S/C', '1.00', '1', 'RESMA DE HOJA TIPO CARTA', 'UN', '2021-06-23 16:00:29', '2021-06-23 16:00:29'),
(562, 2, '10008572', '1.00', '1', 'IMPERMEABLE C/BOTA AZ M 42-43 SOLRAIN', 'UN', '2021-06-23 16:12:49', '2021-06-23 16:12:49'),
(563, 3, '10028193', '2.00', '2', 'SILLA JD-2009 PLEGABLE MOTUL SZK', 'UN', '2021-06-23 23:33:02', '2021-06-23 23:33:02'),
(563, 3, '10009248', '2.00', '2', 'ALFOMBRA RJ LOGO MOTUL PEQU 60 X UNIV', 'UN', '2021-06-23 23:33:02', '2021-06-23 23:33:02'),
(564, 1, '10015703', '1.00', '1', 'TOLDO 3X3 ROJO CANOPY', 'UN', '2021-06-23 23:41:45', '2021-06-23 23:41:45'),
(565, 2, '10023963', '1.00', '1', 'MOTOR FUERA BORDA SOLPOWER 90 HP S P/L', 'UN', '2021-06-24 01:24:25', '2021-06-24 01:24:25'),
(566, 2, '10024665', '1.00', '1', 'HIDROJET SPW3600G GSLN 6.5HP SOLPOWER', 'UN', '2021-06-25 17:15:35', '2021-06-25 17:15:35'),
(566, 2, '10015701', '2.00', '2', 'TOLDO 3X3 AZUL CANOPY', 'UN', '2021-06-25 17:15:35', '2021-06-25 17:15:35'),
(567, 2, '10016390', '2.00', '2', 'BANCO 8981500004 MOTO RJ PLAS POLISPORT', 'UN', '2021-06-25 18:22:06', '2021-06-25 18:22:06'),
(567, 2, '10010750', '1.00', '1', 'BANCO 8981500002 MOTO NARJ PLAS', 'UN', '2021-06-25 18:22:06', '2021-06-25 18:22:06'),
(567, 2, '10010752', '1.00', '1', 'BANCO 8981500006 MOTO BL/NG PLAS', 'UN', '2021-06-25 18:22:06', '2021-06-25 18:22:06'),
(567, 2, '10024700', '2.00', '2', 'SOMBRILLA YLF-080 NG SUZUKI', 'UN', '2021-06-25 18:22:06', '2021-06-25 18:22:06'),
(567, 2, 'S/C', '2.00', '2', 'BANDERINES CON BASE', 'UN', '2021-06-25 18:22:06', '2021-06-25 18:22:06'),
(567, 2, '10017761', '1.00', '1', 'BOTA END W2-456-014-44 E-MX7 NG T44', 'UN', '2021-06-25 18:22:06', '2021-06-25 18:22:06'),
(567, 2, '10028194', '4.00', '4', 'SILLA JD-2009 PLEGABLE SUZUKI', NULL, '2021-06-25 18:22:06', '2021-06-25 18:22:06'),
(567, 2, 'S/C', '6.00', '6', 'PARES DE GUANTES VARIOS', 'UN', '2021-06-25 18:22:06', '2021-06-25 18:22:06'),
(567, 2, 'S/C', '4.00', '4', 'IMPERMIABLES CON BOTAS VARIOS', 'UN', '2021-06-25 18:22:06', '2021-06-25 18:22:06'),
(568, 2, 'S/C', '1.00', '1', 'CAVA BLANCA', 'UN', '2021-06-25 18:49:40', '2021-06-25 18:49:40'),
(569, 2, '1000002', '1.00', '1', '6100 SYNERGIE+ 10W40 12X2L', 'CA', '2021-06-25 22:58:59', '2021-06-25 22:58:59'),
(569, 2, '1000003', '2.00', '2', '4100 POWER 15W50 12X2L', 'CA', '2021-06-25 22:58:59', '2021-06-25 22:58:59'),
(569, 2, '1000129', '2.00', '2', '2000 MULTI GRD 20W50 4X4L', 'CA', '2021-06-25 22:58:59', '2021-06-25 22:58:59'),
(569, 2, '1000040', '1.00', '1', '300V POWER RACING 5W30 10X2L', 'CA', '2021-06-25 22:58:59', '2021-06-25 22:58:59'),
(569, 2, '1000031', '1.00', '1', '300V HIG RPM 0W20 6X2L', 'CJ', '2021-06-25 22:58:59', '2021-06-25 22:58:59'),
(569, 2, '1000039', '1.00', '1', '300V POWER 5W40 10X2L', 'CA', '2021-06-25 22:58:59', '2021-06-25 22:58:59'),
(570, 2, '1000020', '2.00', '2', 'SUZUKI MARINE 4T 10W40 4X5L', 'CA', '2021-06-25 23:10:31', '2021-06-25 23:10:31'),
(570, 2, '1000061', '6.00', '6', '2000 MULTI GRD 20W50 12X1L', 'CA', '2021-06-25 23:10:31', '2021-06-25 23:10:31'),
(570, 2, '1000008', '4.00', '4', '5100 15W40 4T 12X1L', 'CA', '2021-06-25 23:10:31', '2021-06-25 23:10:31'),
(570, 2, '1000117', '1.00', '1', 'AUTO COOL EXPERT -37°C 4X5L', 'CA', '2021-06-25 23:10:31', '2021-06-25 23:10:31'),
(570, 2, '1000055', '2.00', '2', '6100 SYNERGIE+ 10W40 4X4L', 'CA', '2021-06-25 23:10:31', '2021-06-25 23:10:31'),
(570, 2, '1000028', '1.00', '1', '8100 ECO-LITE 0W20 12X1L', 'CA', '2021-06-25 23:10:31', '2021-06-25 23:10:31'),
(570, 2, '1000042', '6.00', '6', '2100 PROTEC+10W30 12X1L', 'CA', '2021-06-25 23:10:31', '2021-06-25 23:10:31'),
(571, 2, '1000030', '3.00', '3', '4100 POWER 15W50 12X1L', 'CJ', '2021-06-25 23:22:01', '2021-06-25 23:22:01'),
(571, 2, '1000001', '2.00', '2', '8100 X-CESS 5W40 4X5L', 'CA', '2021-06-25 23:22:01', '2021-06-25 23:22:01'),
(571, 2, '1000118', '2.00', '2', '8100 ECO-LITE 5W30 12X1L', 'CA', '2021-06-25 23:22:01', '2021-06-25 23:22:01'),
(571, 2, '1000007', '2.00', '2', '7100 4T 10W40 12X1L', 'CA', '2021-06-25 23:22:01', '2021-06-25 23:22:01'),
(571, 2, '1000014', '2.00', '2', 'FUEL SYSTEM CLEAN AUTO 12X300ML', 'CA', '2021-06-25 23:22:01', '2021-06-25 23:22:01'),
(571, 2, '1000053', '3.00', '3', 'P3 TYRE REPAIR 12X300ML', 'CA', '2021-06-25 23:22:01', '2021-06-25 23:22:01'),
(571, 3, 'S/C', '3.00', '3', 'EXHIBIDOR MOTUL', 'UN', '2021-06-25 23:22:01', '2021-06-25 23:22:01'),
(572, 2, '1000016', '1.00', '1', 'C4 CHAIN LUBE FL 12X400ML', 'CA', '2021-06-25 23:30:03', '2021-06-25 23:30:03'),
(572, 2, '1000016', '11.00', '1', 'C4 CHAIN LUBE FL 12X400ML', 'UN', '2021-06-25 23:30:03', '2021-06-25 23:30:03'),
(572, 2, '1000078', '11.00', '1', 'M4 HANDS CLEAN 12X100ML', 'UN', '2021-06-25 23:30:03', '2021-06-25 23:30:03'),
(572, 2, '1000023', '1.00', '1', 'C3 CHAIN LUBE OFF ROAD 12X400ML', 'CA', '2021-06-25 23:30:03', '2021-06-25 23:30:03'),
(572, 2, '1000023', '11.00', '1', 'C3 CHAIN LUBE OFF ROAD 12X400ML', 'UN', '2021-06-25 23:30:03', '2021-06-25 23:30:03'),
(572, 2, '1000048', '3.00', '3', 'ENGINE CLEAN AUTO 12X300ML', 'CA', '2021-06-25 23:30:03', '2021-06-25 23:30:03'),
(572, 2, '1000048', '11.00', '1', 'ENGINE CLEAN AUTO 12X300ML', 'UN', '2021-06-25 23:30:03', '2021-06-25 23:30:03'),
(573, 2, '1000053', '11.00', '1', 'P3 TYRE REAPIR 12X300ML', 'UN', '2021-06-25 23:43:02', '2021-06-25 23:43:02'),
(573, 2, '1000026', '11.00', '1', 'E10 SHINE & GO SPRAY 12X400ML', 'UN', '2021-06-25 23:43:02', '2021-06-25 23:43:02'),
(573, 2, '1000128', '11.00', '1', '300V FL OFF ROAD 5W40 12X1L', 'UN', '2021-06-25 23:43:02', '2021-06-25 23:43:02'),
(573, 2, '10028682', '100.00', '1', 'TAPABOCA ROJO LOGO MOTUL', 'UN', '2021-06-25 23:43:02', '2021-06-25 23:43:02'),
(573, 2, '10003571', '20.00', '1', 'HERRAMIENTA MULTIUSO MT-U01 SUZUKI', 'UN', '2021-06-25 23:43:02', '2021-06-25 23:43:02'),
(573, 2, '10025715', '50.00', '1', 'PORTAVASO WT-201 SOLPOWER AGRICOLA SZK', 'UN', '2021-06-25 23:43:02', '2021-06-25 23:43:02'),
(573, 2, '10025727', '50.00', '1', 'LLAVERO D008 PVC SUZUKI', 'UN', '2021-06-25 23:43:02', '2021-06-25 23:43:02'),
(574, 2, '10028657', '200.00', '1', 'BOLSA NEGRA LOGO MOTUL', 'UN', '2021-06-25 23:52:00', '2021-06-25 23:52:00'),
(574, 2, '10025721', '50.00', '1', 'BASE R16 TLF LOGO SOLPOWER SZK', 'UN', '2021-06-25 23:52:00', '2021-06-25 23:52:00'),
(574, 2, '10028722', '100.00', '1', 'BASE R16 TLF LOGO SZK', 'UN', '2021-06-25 23:52:00', '2021-06-25 23:52:00'),
(574, 2, '10025718', '40.00', '20', 'VASO 1YA053 CRISTAL CERVEZA SZK', 'CA', '2021-06-25 23:52:00', '2021-06-25 23:52:00'),
(574, 2, '10028193', '20.00', '1', 'SILLA JD-2009 PLEGABLE MOTUL SZK', 'UN', '2021-06-25 23:52:00', '2021-06-25 23:52:00'),
(574, 2, '10003828', '20.00', '1', 'LINTERNA LED AS-G01 SZK', 'UN', '2021-06-25 23:52:00', '2021-06-25 23:52:00'),
(575, 2, '1000114', '2.00', '2', 'KIT; CAR CARE, MIX 40U', 'KIT', '2021-06-25 23:55:33', '2021-06-25 23:55:33'),
(576, 2, '10024691', '8.00', '1', 'GORRA NG/AMA/RJ LOGO S RJ VISERA SZK', 'UN', '2021-06-26 00:02:16', '2021-06-26 00:02:16'),
(589, 3, 'S/C', '1.00', '1', 'EXHIBIDOR MOTUL', 'UN', '2021-06-30 18:41:18', '2021-06-30 18:41:18'),
(590, 2, '10027267', '1.00', '1', 'CAUCHO CONTINENTAL 90/90/21', 'UN', '2021-07-02 16:43:25', '2021-07-02 16:43:25'),
(591, 3, 'S/C', '1.00', '1', 'ZAPATO DEPORTIVO TALLA 41', 'PAA', '2021-07-02 17:27:00', '2021-07-02 17:27:00'),
(591, 3, 'S/C', '3.00', '3', 'ZAPATO DEPORTIVO TALLA 43', 'PAA', '2021-07-02 17:27:00', '2021-07-02 17:27:00'),
(592, 3, '10008191', '76.00', '76', 'MALETA YM-0866 43X41X31.5CM SOLPART', 'UN', '2021-07-02 23:32:27', '2021-07-02 23:32:27'),
(593, 3, 'S/C', '1.00', '1', 'EXHIBIDOR MOTUL', 'UN', '2021-07-02 23:53:33', '2021-07-02 23:53:33'),
(594, 3, 'S/C', '36.00', '1', 'TIRRO TRANSPARENTE', 'CA', '2021-07-06 16:35:30', '2021-07-06 16:35:30'),
(596, 3, 'S/C', '1.00', '1', 'PARLANTE CJB-10014', 'UN', '2021-07-06 22:14:01', '2021-07-06 22:14:01'),
(597, 2, '10030846', '3.00', '3', 'DISPENSADOR GSLN 45LPM SOLGAS', 'UN', '2021-07-07 00:03:19', '2021-07-07 00:03:19'),
(597, 3, 'S/C', '1.00', '1', 'LLAVE TRIANGULAR', 'UN', '2021-07-07 00:03:19', '2021-07-07 00:03:19');
INSERT INTO `invoice_items` (`invoice_id`, `product_id`, `codigo`, `quantity`, `bulto`, `descripcion`, `uv`, `created_at`, `updated_at`) VALUES
(598, 2, '10030846', '4.00', '4', 'DISPENSADOR GSLN 45LPM SOLGAS', 'UN', '2021-07-07 00:06:09', '2021-07-07 00:06:09'),
(598, 3, 'S/C', '1.00', '1', 'LLAVE TRIANGULAR', 'UN', '2021-07-07 00:06:09', '2021-07-07 00:06:09'),
(599, 2, '10030846', '4.00', '4', 'DISPENSADOR GSLN 45LPM SOLGAS', 'UN', '2021-07-07 00:08:13', '2021-07-07 00:08:13'),
(599, 3, 'S/C', '1.00', '1', 'LLAVE TRIANGULAR', 'UN', '2021-07-07 00:08:13', '2021-07-07 00:08:13'),
(600, 2, '10030847', '1.00', '1', 'DISPENSADOR DIESEL 75LPM SOLGAS', 'UN', '2021-07-07 00:11:02', '2021-07-07 00:11:02'),
(600, 3, 'S/C', '1.00', '1', 'LLAVE TRIANGULAR', 'UN', '2021-07-07 00:11:02', '2021-07-07 00:11:02'),
(601, 2, '10030851', '3.00', '3', 'MOTOR EL BOMBA SUMERGIBLE DISPENSADORES', 'UN', '2021-07-07 00:12:54', '2021-07-07 00:12:54'),
(602, 3, 'S/C', '51.00', '51', 'PALETAS DE MADERAS', 'UN', '2021-07-07 16:50:42', '2021-07-07 16:50:42'),
(603, 2, '10030846', '1.00', '1', 'DISPENSADOR GSLN 45LPM SOLGAS SERIAL WT210624', 'UN', '2021-07-07 18:05:27', '2021-07-07 18:05:27'),
(603, 2, '10030846', '1.00', '1', 'DISPENSADOR GSLN 45LPM SOLGAS SERIAL WT210614', 'UN', '2021-07-07 18:05:27', '2021-07-07 18:05:27'),
(604, 2, '10027268', '1.00', '1', 'CAUCHO 120/90-17 TT 64S ESCAPE', 'UN', '2021-07-08 21:27:44', '2021-07-08 21:27:44'),
(604, 2, '10027267', '1.00', '1', 'CAUCHO 90/90-21 TL 54H ESCAPE', 'UN', '2021-07-08 21:27:44', '2021-07-08 21:27:44'),
(608, 3, 'N/A', '1.00', '1', '5100 15W50 1LT', 'UN', '2021-07-08 23:18:12', '2021-07-08 23:18:12'),
(608, 3, 'N/A', '1.00', '1', 'MOTOCOOL EXPERT 1LT', 'UN', '2021-07-08 23:18:12', '2021-07-08 23:18:12'),
(609, 2, 'S41100-41600', '1.00', '1', 'CHASIS GSXR1000 SUZUKI', 'UN', '2021-07-08 23:48:26', '2021-07-08 23:48:26'),
(609, 2, 'S69100-47H20-999', '1.00', '1', 'CALIPER TRASERO', 'UN', '2021-07-08 23:48:26', '2021-07-08 23:48:26'),
(610, 3, 'S/C', '1.00', '1', 'ZAPATOS DEPORTIVOS TALLA 41', 'PAA', '2021-07-09 18:27:41', '2021-07-09 18:27:41'),
(617, 3, '001', '1.00', '1', 'Cable UTP categoria 5', 'CA', '2021-07-09 18:41:53', '2021-07-09 18:41:53'),
(617, 3, '002', '12.00', '1', 'conector RJ45', 'UN', '2021-07-09 18:41:53', '2021-07-09 18:41:53'),
(617, 3, 'ZZ0B5B1006122', '1.00', '1', 'Router Mercusys modelo MW301R', 'UN', '2021-07-09 18:41:53', '2021-07-09 18:41:53'),
(617, 3, '003', '1.00', '1', 'Cargador para router modelo P050060 2B1 5V 0.6A', 'UN', '2021-07-09 18:41:53', '2021-07-09 18:41:53'),
(618, 3, '001', '1.00', NULL, 'Router Wilink serial R02300N1007313', 'UN', '2021-07-09 20:16:32', '2021-07-09 20:16:32'),
(619, 3, '10019338', '1.00', '1', 'CHAQUETA 786-310-B NG/RJ M INMOTION', 'UN', '2021-07-09 23:13:45', '2021-07-09 23:13:45'),
(619, 3, '10019357', '1.00', '1', 'CHAQUETA 786-317-C NG/RJ XL INMOTION', 'UN', '2021-07-09 23:13:45', '2021-07-09 23:13:45'),
(619, 3, '10022919', '1.00', '1', 'CHAQUETA 786-546 CUERO NG M INMOTION', 'UN', '2021-07-09 23:13:45', '2021-07-09 23:13:45'),
(619, 3, '10022955', '1.00', '1', 'CHAQUETA 786-522 NYLON AZ M INMOTION', 'UN', '2021-07-09 23:13:45', '2021-07-09 23:13:45'),
(619, 3, '10022960', '1.00', '1', 'CHAQUETA 786-522 NYLON NG L INMOTION', 'UN', '2021-07-09 23:13:45', '2021-07-09 23:13:45'),
(619, 3, '10022968', '1.00', '1', 'CHAQUETA 786-521 CAMELBACK AZ L INMOTION', 'UN', '2021-07-09 23:13:45', '2021-07-09 23:13:45'),
(619, 3, '10022971', '1.00', '1', 'CHAQUETA 786-520 AIR BAG AZ/AM M', 'UN', '2021-07-09 23:13:45', '2021-07-09 23:13:45'),
(622, 3, '10022975', '1.00', '1', 'CHAQUETA 786-520 AIR BAG NG M INMOTION', 'UN', '2021-07-09 23:25:58', '2021-07-09 23:25:58'),
(622, 3, '10022979', '1.00', '1', 'CHAQUETA 786-518 DAMA POLIESTER RJ S', 'UN', '2021-07-09 23:25:58', '2021-07-09 23:25:58'),
(622, 3, '10022988', '1.00', '1', 'CHAQUETA 786-517 NYLON NG M INMOTION', 'UN', '2021-07-09 23:25:58', '2021-07-09 23:25:58'),
(622, 3, '10022992', '1.00', '1', 'CHAQUETA 786-517 NYLON NG/AZ L INMOTION', 'UN', '2021-07-09 23:25:58', '2021-07-09 23:25:58'),
(622, 3, '10022994', '1.00', '1', 'CHAQUETA 786-515 POLIESTER GR/NR M', 'UN', '2021-07-09 23:25:58', '2021-07-09 23:25:58'),
(622, 3, '10022998', '1.00', '1', 'CHAQUETA 786-515 POLIESTER NG/RJ L', 'UN', '2021-07-09 23:25:58', '2021-07-09 23:25:58'),
(623, 3, '10023004', '1.00', '1', 'CHAQUETA 786-513 POLIESTER NG/AZ L', 'UN', '2021-07-09 23:31:14', '2021-07-09 23:31:14'),
(623, 3, '10023011', '1.00', '1', 'CHAQUETA 786-513 POLIESTER NG/NG XL', 'UN', '2021-07-09 23:31:14', '2021-07-09 23:31:14'),
(623, 3, '10023012', '1.00', '1', 'CHAQUETA 786-511 NYLON NG/MAR M INMOTION', 'UN', '2021-07-09 23:31:14', '2021-07-09 23:31:14'),
(623, 3, '10023021', '1.00', '1', 'CHAQUETA 786-509 POLIESTER BL/NG/RJ L', 'UN', '2021-07-09 23:31:14', '2021-07-09 23:31:14'),
(623, 3, '10023437', '1.00', '1', 'CHAQUETA 786-509 POLIESTER BL/NG/AM M', 'UN', '2021-07-09 23:31:14', '2021-07-09 23:31:14'),
(623, 3, '10025000', '1.00', '1', 'CHAQUETA 786-702 SPORTS NG XL INMOTION', 'UN', '2021-07-09 23:31:14', '2021-07-09 23:31:14'),
(624, 3, '10025004', '1.00', '1', 'CHAQUETA 786-706 SPORTS NG/BL/RJ M', 'UN', '2021-07-09 23:36:35', '2021-07-09 23:36:35'),
(624, 3, '10025013', '1.00', '1', 'CHAQUETA 786-709 SPORTS NG/BL/RJ M', 'UN', '2021-07-09 23:36:35', '2021-07-09 23:36:35'),
(624, 3, '10007177', '1.00', '1', 'TAZA AZ TH-01 SUZUKI', 'UN', '2021-07-09 23:36:35', '2021-07-09 23:36:35'),
(624, 3, '10024703', '1.00', '1', 'MORRAL CT-264 NG/GR SUZUKI', 'UN', '2021-07-09 23:36:35', '2021-07-09 23:36:35'),
(625, 2, '10026499', '1.00', '1', 'CAUCHO 195/70R15C 104/102R RF09 TRACMAX', 'UN', '2021-07-12 16:29:14', '2021-07-12 16:29:14'),
(626, 3, 'S/C', '1.00', '1', 'PIEZA DE TOLDO', 'UN', '2021-07-12 19:17:02', '2021-07-12 19:17:02'),
(627, 3, '10008145', '150.00', '150', 'CAUCHO 90/90-18 6PR DJ-026A SOLPART', 'UN', '2021-07-13 16:26:03', '2021-07-13 16:26:03'),
(628, 3, '10028653', '1.00', '1', 'TOALLAS NAUTICAS SZK', 'UN', '2021-07-13 21:35:03', '2021-07-13 21:35:03'),
(628, 3, '10028658', '5.00', '1', 'VASO PLAS XK16-350 LOGO SUZUKI MARINE', 'UN', '2021-07-13 21:35:03', '2021-07-13 21:35:03'),
(629, 3, '10026892', '24.00', '4', 'BATERIA CB14L-A2 1X6 SOLBATTERY', 'CA', '2021-07-13 21:57:30', '2021-07-13 21:57:30'),
(629, 3, '10016257', '1.00', '1', 'CAMISA BL TALLA XXL SZK', 'UN', '2021-07-13 21:57:30', '2021-07-13 21:57:30'),
(630, 2, 'S/C', '12.00', '1', 'CETANE BOOSTER DIESEL 12X0.300L', 'CA', '2021-07-13 22:05:57', '2021-07-13 22:05:57'),
(631, 2, '10024206', '2.00', '2', 'BATERIA YTX9-BS SOLBATTERY', 'UN', '2021-07-13 22:48:26', '2021-07-13 22:48:26'),
(632, 2, '1000032', '5.00', '5', 'TEKMA  MEGA X LD 15W40 4X5L', 'CA', '2021-07-14 16:34:07', '2021-07-14 16:34:07'),
(632, 2, '1000001', '5.00', '5', '8100 X-CESS 5W40 4X5L', 'CA', '2021-07-14 16:34:07', '2021-07-14 16:34:07'),
(632, 2, '1000056', '1.00', '1', '8100 X-CESS 5W40 12X1L', 'CA', '2021-07-14 16:34:07', '2021-07-14 16:34:07'),
(632, 2, 'S/C', '7.00', '1', '2100 15W40 1L', 'UN', '2021-07-14 16:34:07', '2021-07-14 16:34:07'),
(632, 2, '1000125', '1.00', '1', 'AUTO COOL OPTIMAL- 37°C 4X5L', 'CA', '2021-07-14 16:34:07', '2021-07-14 16:34:07'),
(632, 2, '1000002', '1.00', '1', '6100 SYNERGIE + 10W40 12X2 LT', 'CA', '2021-07-14 13:17:39', '2021-07-14 13:17:39'),
(633, 2, '10028145', '4.00', '4', 'BATERIA YTX9-BS 1X6 SOLBATTERY', 'CA', '2021-07-14 17:38:08', '2021-07-14 17:38:08'),
(633, 2, '10024206', '5.00', '1', 'BATERIA YTX9-BS SOLBATTERY', 'UN', '2021-07-14 17:38:08', '2021-07-14 17:38:08'),
(634, 3, '10030846', '1.00', '1', 'DISPENSADOR GSLN 45LPM SOLGAS SERIAL WT210604', 'UN', '2021-07-15 16:03:16', '2021-07-15 16:03:16'),
(634, 3, '10030846', '1.00', '1', 'DISPENSADOR GSLN 45LPM SOLGAS SERIAL WT210613', 'UN', '2021-07-15 16:03:16', '2021-07-15 16:03:16'),
(634, 3, '10030846', '1.00', '1', 'DISPENSADOR GSLN 45LPM SOLGAS SERIAL WT210620', 'UN', '2021-07-15 16:03:16', '2021-07-15 16:03:16'),
(634, 3, '10030846', '1.00', '1', 'DISPENSADOR GSLN 45LPM SOLGAS SERIAL WT210628', 'UN', '2021-07-15 16:03:16', '2021-07-15 16:03:16'),
(634, 3, '10030846', '1.00', '1', 'DISPENSADOR GSLN 45LPM SOLGAS SERIAL WT210632', 'UN', '2021-07-15 16:03:16', '2021-07-15 16:03:16'),
(635, 3, '10030846', '1.00', '1', 'DISPENSADOR GSLN 45LPM SOLGAS SERIAL WT210612', 'UN', '2021-07-15 16:05:21', '2021-07-15 16:05:21'),
(635, 3, '10030846', '1.00', '1', 'DISPENSADOR GSLN 45LPM SOLGAS SERIAL WT210623', 'UN', '2021-07-15 16:05:21', '2021-07-15 16:05:21'),
(636, 3, '10017589', '1.00', '1', 'CASCO A320 NG TALLA XL SOLHELMET', 'UN', '2021-07-15 18:38:27', '2021-07-15 18:38:27'),
(636, 3, '10022715', '1.00', '1', 'CASCO BLD203 ABS NG XS SOLHELMET', 'UN', '2021-07-15 18:38:27', '2021-07-15 18:38:27'),
(636, 3, '10017637', '1.00', '1', 'CASCO C623 NG/RJ XS SOLHELMET', 'UN', '2021-07-15 18:38:27', '2021-07-15 18:38:27'),
(636, 3, '10017633', '1.00', '1', 'CASCO 998-1 NG/MAR XL SOLHELMET', 'UN', '2021-07-15 18:38:27', '2021-07-15 18:38:27'),
(636, 3, '10009358', '1.00', '1', 'CASCO HY825 NG S PMV SOLHELMET', 'UN', '2021-07-15 18:38:27', '2021-07-15 18:38:27'),
(637, 3, '1000014', '3.00', '3', 'FUEL SYSTEM CLEAN AUTO 3X300ML', 'UN', '2021-07-15 18:45:17', '2021-07-15 18:45:17'),
(638, 3, 'S/C', '1.00', '1', 'ZAPATO DEPORTIVOS TALLA 42', 'PAA', '2021-07-15 21:21:19', '2021-07-15 21:21:19'),
(639, 2, '10027089', '2.00', '2', 'BATERIA YTX20L-BS SOLBATTERY', 'UN', '2021-07-15 22:40:17', '2021-07-15 22:40:17'),
(640, 2, '10022728', '1.00', '1', 'CASCO BLD203 ABS AZ XXL SOLHELMET', 'UN', '2021-07-16 00:04:42', '2021-07-16 00:04:42'),
(640, 2, '10022756', '1.00', '1', 'CASCO BLD203 ABS BL XXL SOLHELMET', 'UN', '2021-07-16 00:04:42', '2021-07-16 00:04:42'),
(640, 2, '10022719', '8.00', '8', 'CASCO BLD203 ABS NG XL SOLHELMET', 'UN', '2021-07-16 00:04:42', '2021-07-16 00:04:42'),
(640, 2, '10022722', '67.00', '67', 'CASCO BLD203 ABS NG XXL SOLHELMET', 'UN', '2021-07-16 00:04:42', '2021-07-16 00:04:42'),
(640, 2, '10022748', '1.00', '1', 'CASCO BLD203 ABS NG MAT L SOLHELMET', 'UN', '2021-07-16 00:04:42', '2021-07-16 00:04:42'),
(640, 2, '10022750', '57.00', '57', 'CASCO BLD203 ABS NG MAT XXL SOLHELMET', 'UN', '2021-07-16 00:04:42', '2021-07-16 00:04:42'),
(641, 2, 'S15100-11J01', '3.00', '3', 'BOMBA GSLN DL650ABS SUZUKI', 'UN', '2021-07-19 16:12:59', '2021-07-19 16:12:59'),
(642, 3, 'N/A', '1.00', '1', 'EXHIBIDOR MOTUL', 'UN', '2021-07-19 18:38:53', '2021-07-19 18:38:53'),
(648, 2, '10023789', '1.00', '1', 'BASE MALETA TOP S0VS14ST DL1000 L4 SHAD', 'UN', '2021-07-20 16:52:31', '2021-07-20 16:52:31'),
(648, 2, '10019072', '1.00', '1', 'MALETA TOP SH40CARGO D0B40199 NG CHAD', 'UN', '2021-07-20 13:00:26', '2021-07-20 13:00:26'),
(649, 3, '10030846', '1.00', '1', 'DISPENSADOR GSLN 45LPM SOLGAS SERIAL WT210611', 'UN', '2021-07-20 19:01:25', '2021-07-20 19:01:25'),
(649, 3, '10030846', '1.00', '1', 'DISPENSADOR GSLN 45LPM SOLGAS SERIAL WT210615', 'UN', '2021-07-20 19:01:25', '2021-07-20 19:01:25'),
(649, 3, '10030846', '1.00', '1', 'DISPENSADOR GSLN 45LPM SOLGAS SERIAL WT210621', 'UN', '2021-07-20 19:01:25', '2021-07-20 19:01:25'),
(649, 3, '10030846', '1.00', '1', 'DISPENSADOR GSLN 45LPM SOLGAS SERIAL WT210617', 'UN', '2021-07-20 18:10:47', '2021-07-20 18:10:49'),
(650, 2, 'S/C', '1.00', '1', 'GENERADOR ELECTRICO', 'UN', '2021-07-21 16:07:45', '2021-07-21 16:07:45'),
(652, 2, 'S/C', '10.00', '1', 'RIN 18', 'UN', '2021-07-21 17:04:17', '2021-07-21 17:04:17'),
(652, 2, 'S/C', '10.00', '1', 'RIN 21', 'UN', '2021-07-21 17:04:17', '2021-07-21 17:04:17'),
(653, 3, '10030846', '1.00', '1', 'DISPENSADOR GSLN 45LPM SOLGAS SERIAL WT210607', 'UN', '2021-07-21 23:17:32', '2021-07-21 23:17:32'),
(654, 3, 'S/C', '1.00', '1', 'EXHIBIDOR MOTUL', 'UN', '2021-07-22 16:12:31', '2021-07-22 16:12:31'),
(654, 3, 'S/C', '1.00', '1', 'EXHIBIDOR DE BATERIAS SOLPOWER', 'UN', '2021-07-22 16:12:31', '2021-07-22 16:12:31'),
(655, 3, '10015701', '2.00', '2', 'TOLDO 3X3 AZUL CANOPY', 'UN', '2021-07-22 17:49:06', '2021-07-22 17:49:06'),
(655, 3, '10028552', '1.00', '1', 'TOLDO 3X3 NEGRO', 'UN', '2021-07-22 17:49:06', '2021-07-22 17:49:06'),
(655, 3, '10015703', '1.00', '1', 'TOLDO 3X3 ROJO CANOPY', 'UN', '2021-07-22 17:49:06', '2021-07-22 17:49:06'),
(655, 3, 'S/C', '8.00', '1', 'PARALES BANDERINES', 'UN', '2021-07-22 17:49:06', '2021-07-22 17:49:06'),
(655, 3, 'S/C', '8.00', '1', 'BASES BANDERINES', 'UN', '2021-07-22 17:49:06', '2021-07-22 17:49:06'),
(656, 3, 'S/C', '1.00', '1', 'ZAPATO DEPORTIVO TALLA 41', 'PAA', '2021-07-22 22:51:32', '2021-07-22 22:51:32'),
(657, 2, '10015701', '1.00', '1', 'TOLDO 3X3 AZUL CANOPY', 'UN', '2021-07-22 23:27:20', '2021-07-22 23:27:20'),
(658, 3, 'S/C', '1.00', '1', 'EXHIBIDOR MOTUL', 'UN', '2021-07-23 18:20:14', '2021-07-23 18:20:14'),
(659, 3, '10017232', '1.00', '1', 'CAD/COR/PIÑ 15/45T KIT DR200 SOLPART', 'KIT', '2021-07-23 18:32:18', '2021-07-23 18:32:18'),
(660, 3, '10030846', '1.00', '1', 'DISPENSADOR GSLN 45LPM SOLGAS SERIAL WT210609', 'UN', '2021-07-26 22:25:07', '2021-07-26 22:25:07'),
(661, 3, 'S/C', '3.00', '3', 'ZAPATOS DEPORTIVOS TALLA 43', 'PAA', '2021-07-27 21:31:21', '2021-07-27 21:31:21'),
(662, 3, '10008574', '1.00', '1', 'IMPERMEABLE C/BOTA AZ XL 46-47 SOLRAIN', 'UN', '2021-07-28 16:12:28', '2021-07-28 16:12:28'),
(663, 3, '10024210', '1.00', '1', 'BATERIA CB14L-A2 SOLBATTERY', 'UN', '2021-07-28 16:15:50', '2021-07-28 16:15:50'),
(664, 3, 'S/C', '1.00', '1', 'ESTRUCTURA PARA CAUCHO', 'UN', '2021-07-28 16:47:30', '2021-07-28 16:47:30'),
(664, 3, 'S/C', '1.00', '1', 'PLANCHA', 'UN', '2021-07-28 16:47:30', '2021-07-28 16:47:30'),
(665, 3, '10015741', '1.00', '1', 'GOMA CHAPALETA TRS HONDA', 'UN', '2021-07-28 18:20:38', '2021-07-28 18:20:38'),
(665, 3, '10015740', '1.00', '1', 'GOMA CHAPALETA DEL HONDA COLORES SURTID', 'UN', '2021-07-28 18:20:38', '2021-07-28 18:20:38'),
(665, 3, '10015738', '1.00', '1', 'GOMA CHAPALETA DEL COLORES SURTID', 'UN', '2021-07-28 18:20:38', '2021-07-28 18:20:38'),
(665, 3, '10008129', '1.00', '1', 'CHAPALETA TRS GN125 SOLPART', 'UN', '2021-07-28 18:20:38', '2021-07-28 18:20:38'),
(666, 3, '01', '3.00', NULL, 'Bateria de 12V para UPS', 'UN', '2021-07-30 22:49:46', '2021-07-30 22:49:46'),
(666, 3, '02', '3.00', NULL, 'Extensiones USB', 'UN', '2021-07-30 22:49:46', '2021-07-30 22:49:46'),
(667, 3, 'S/C', '1.00', '1', 'FORRO PARA TOLDO', 'UN', '2021-08-02 15:54:16', '2021-08-02 15:54:16'),
(669, 3, '10030846', '1.00', '1', 'DISPENSADOR GSLN 45L/M SOLGAS SERIAL WT210603', 'UN', '2021-08-02 16:01:34', '2021-08-02 16:01:34'),
(669, 3, '10030846', '1.00', '1', 'DISPENSADOR GSLN 45L/M SOLGAS SERIAL WT210616', 'UN', '2021-08-02 16:01:34', '2021-08-02 16:01:34'),
(669, 3, '10030846', '1.00', '1', 'DISPENSADOR GSLN 45L/M SOLGAS SERIAL WT210629', 'UN', '2021-08-02 16:01:34', '2021-08-02 16:01:34'),
(672, 3, '10027667', '1.00', '1', 'CAUCHO 255/70R16 111H H/T TRACMAX', 'UN', '2021-08-02 17:47:48', '2021-08-02 17:47:48'),
(672, 3, '10030905', '1.00', '1', 'CAUCHO 185/70R13 86T TX5 TRACMAX', 'UN', '2021-08-02 17:47:48', '2021-08-02 17:47:48'),
(672, 3, '10026544', '1.00', '1', 'CAUCHO LT265/70R17 121/118S RF06 TRACMAX', 'UN', '2021-08-02 17:47:48', '2021-08-02 17:47:48'),
(673, 3, '10017396', '150.00', '1', 'OREJERA AJUS EN352-1/ANSI 19C 78248 SOLP', 'UN', '2021-08-02 17:49:43', '2021-08-02 17:49:43'),
(675, 2, 'S36620-93J02-000', '1.00', '1', 'ARNES C/REMOTO MEC 5M DF90A-150A', 'UN', '2021-08-02 18:33:10', '2021-08-02 18:33:10'),
(675, 2, 'S36621-98J10-000', '1.00', '1', 'ARNES TRES MOTORES DF250AP-350A', 'UN', '2021-08-02 18:33:10', '2021-08-02 18:33:10'),
(675, 2, 'S36621-98J00-000', '1.00', '1', 'ARNES DOS MOTORES DF150AP-350A', 'UN', '2021-08-02 18:33:10', '2021-08-02 18:33:10'),
(675, 2, 'S36620-98J51-000', '1.00', '1', 'EXTENSION ARNES C/REMOTO ELECT 2M', 'UN', '2021-08-02 18:33:10', '2021-08-02 18:33:10'),
(675, 2, 'S36623-98J30-000', '1.00', '1', 'ARNES BCM MOTOR DOBLE/TRIPLE', 'UN', '2021-08-02 18:33:10', '2021-08-02 18:33:10'),
(676, 3, 'S/C', '36.00', '1', 'TIRRO PARA EMBALAR', 'UN', '2021-08-03 15:16:17', '2021-08-03 15:16:17'),
(677, 3, 'S/C', '36.00', '1', 'TIRRO PARA EMBALAR', 'UN', '2021-08-03 15:19:26', '2021-08-03 15:19:26'),
(677, 3, 'S/C', '1.00', '1', 'TONER', 'UN', '2021-08-03 15:19:26', '2021-08-03 15:19:26'),
(677, 3, 'S/C', '1.00', '1', 'HOJAS RECICLADAS', 'UN', '2021-08-03 15:19:26', '2021-08-03 15:19:26'),
(678, 3, '10027089', '3.00', '3', 'BATERIA YTX20L-BS SOLBATTERY', 'UN', '2021-08-03 21:29:01', '2021-08-03 21:29:01'),
(679, 3, '10024912', '1.00', '1', 'CAUCHO 90/90-18 4PR TT K265 KENDA', 'UN', '2021-08-03 22:20:15', '2021-08-03 22:20:15'),
(679, 3, 'S/C', '1.00', '1', 'BATERIA YTX20L-BS SOLBATTERY', 'UN', '2021-08-03 22:20:15', '2021-08-03 22:20:15'),
(679, 3, 'S/C', '1.00', '1', 'BATERIA YTX14-BS SOLBATTERY', 'UN', '2021-08-03 22:20:15', '2021-08-03 22:20:15'),
(679, 3, 'S/C', '3.00', '3', 'BATERIA CB14L-A2 SOLBATTERY', 'UN', '2021-08-03 22:20:15', '2021-08-03 22:20:15'),
(680, 3, '10030846', '1.00', '1', 'DISPENSADOR GSLN 45L/M SOLGAS SERIAL WT210605', 'UN', '2021-08-04 16:20:42', '2021-08-04 16:20:42'),
(681, 3, '10026853', '150.00', '150', 'BOMBA SPBX30G AGUA 3\"X3\" GSLN SOLPOWER', 'UN', '2021-08-04 18:42:41', '2021-08-04 18:42:41'),
(681, 3, '10026852', '30.00', '30', 'BOMBA SPBX20G AGUA 2\"X2\" GSLN SOLPOWER', 'UN', '2021-08-04 18:42:41', '2021-08-04 18:42:41'),
(682, 3, '10026852', '180.00', '180', 'BOMBA SPBX20G AGUA 2\"X2\" GSLN SOLPOWER', 'UN', '2021-08-04 21:59:49', '2021-08-04 21:59:49'),
(683, 3, 'S/C', '1.00', '1', 'ZAPATO DEPORTIVO TALLA 43', 'PAR', '2021-08-05 15:55:38', '2021-08-05 15:55:38'),
(684, 3, '10026852', '225.00', '225', 'BOMBA SPBX20G AGUA 2\"X2\" GSLN SOLPOWER', 'UN', '2021-08-05 21:32:15', '2021-08-05 21:32:15'),
(684, 3, '10026853', '15.00', '15', 'BOMBA SPBX30G AGUA 3\"X3\" GSLN SOLPOWER', 'UN', '2021-08-05 21:32:15', '2021-08-05 21:32:15'),
(685, 3, '10026821', '6.00', '6', 'BATERIA 22F 700AMP 232*172*205 SOLPOWER', 'UN', '2021-08-05 22:55:17', '2021-08-05 22:55:17'),
(685, 3, '10026822', '2.00', '2', 'BATERIA 22FR 700AMP 232*172*205 SOLPOWER', 'UN', '2021-08-05 22:55:17', '2021-08-05 22:55:17'),
(685, 3, '10026823', '5.00', '5', 'BATERIA 24MR 800AMP 259*174*225 SOLPOWER', 'UN', '2021-08-05 22:55:17', '2021-08-05 22:55:17'),
(685, 3, '10026826', '1.00', '1', 'BATERIA 43MR 800AMP 275*174*174 SOLPOWER', 'UN', '2021-08-05 22:55:17', '2021-08-05 22:55:17'),
(685, 3, '10026829', '2.00', '2', 'BATERIA 8D 1450AMP 513*265*237 SOLPOWER', 'UN', '2021-08-05 19:16:53', '2021-08-05 19:16:54'),
(686, 1, '10026824', '1.00', '1', 'BATERIA 30H 1100AMP 334*172*240 SOLPOWER', 'UN', '2021-08-10 22:17:31', '2021-08-10 22:17:31'),
(687, 3, 'S/C', '1.00', '1', 'BANDERIN SOLPOWER CON BASE', 'UN', '2021-08-11 16:35:05', '2021-08-11 16:35:05'),
(688, 3, 'S/C', '1.00', '1', 'BANDERIN CON BASE SOLPOWER', 'UN', '2021-08-11 16:37:53', '2021-08-11 16:37:53'),
(689, 3, 'S/C', '1.00', '1', 'BANDERIN CON BASE SOLPOWER', 'UN', '2021-08-11 16:39:31', '2021-08-11 16:39:31'),
(690, 3, 'S/C', '1.00', '1', 'BANDERIN CON BASE SOLPOWER', 'UN', '2021-08-11 16:43:35', '2021-08-11 16:43:35'),
(691, 3, 'S/C', '1.00', '1', 'BANDERIN CON BASE SOLPOWER', 'UN', '2021-08-11 16:45:48', '2021-08-11 16:45:48'),
(692, 2, '10026824', '40.00', '40', 'BATERIA 30H 1100AMP 334*172*240 SOLPOWER', 'UN', '2021-08-11 16:49:19', '2021-08-11 16:49:19'),
(693, 3, 'S/C', '1.00', '1', 'EXHIBIDOR MOTUL', 'UN', '2021-08-11 23:52:39', '2021-08-11 23:52:39'),
(694, 1, 'S/C', '1.00', '1', 'TOLDO 3X3 COLOR ROJO', 'UN', '2021-08-13 18:41:32', '2021-08-13 18:41:32'),
(695, 2, '10024944', '1.00', '1', 'DESMALEZADORA GSLN SPD260S2 SOLPOWER', 'UN', '2021-08-13 22:27:15', '2021-08-13 22:27:15'),
(695, 2, '10026905', '1.00', '1', 'DESMALEZADORA GSLN SPD430S2 SOLPOWER', 'UN', '2021-08-13 22:27:15', '2021-08-13 22:27:15'),
(696, 3, '10024210', '2.00', '2', 'BATERIA CB14L-A2 SOLBATTERY', 'UN', '2021-08-16 18:09:49', '2021-08-16 18:09:49'),
(697, 3, 'VND3115791', '1.00', NULL, 'Impresora HP P1005', 'UN', '2021-08-18 03:02:17', '2021-08-18 03:02:17'),
(697, 3, 'CN1BCC3093', '1.00', NULL, 'Impresora HP officejet 4575', 'UN', '2021-08-18 03:02:17', '2021-08-18 03:02:17'),
(698, 2, '58500-98L60', '1.00', '1', 'PROPELA 19.5 DELANTERA DF350A FRONT.', 'UN', '2021-08-20 17:16:34', '2021-08-20 17:16:34'),
(698, 2, '58600-98L61', '1.00', '1', 'PROPELA 19.5 TRASERA DF350A REAR.', 'UN', '2021-08-20 17:16:34', '2021-08-20 17:16:34'),
(700, 2, 'S67000-98JG6', '1.00', '1', 'CONT/REMOTO ELEC DOBLE KIT DF150 SUZUKI', 'UN', '2021-08-23 18:48:51', '2021-08-23 18:48:51'),
(700, 2, 'S36620-98J31-000', '1.00', '1', 'ARNES C/REMOTO ELECT 6.5M DF150AP-350A', 'UN', '2021-08-23 18:48:51', '2021-08-23 18:48:51'),
(699, 2, 'S67000-98JG6', '1.00', '1', 'CONT/REMOTO ELEC DOBLE KIT DF150 SUZUKI', 'UN', '2021-08-23 18:48:51', '2021-08-23 18:48:51'),
(699, 2, 'S36620-98J31-000', '1.00', '1', 'ARNES C/REMOTO ELECT 6.5M DF150AP-350A', 'UN', '2021-08-23 18:48:51', '2021-08-23 18:48:51'),
(701, 2, '10027089', '1.00', '1', 'BATERIA YTX20L-BS SOLBATTERY', 'UN', '2021-08-25 23:18:34', '2021-08-25 23:18:34'),
(702, 2, '36620-98J32', '2.00', '2', 'ARNES C/REMOTO ELECT 6.5M DF150AP-350A', 'UN', '2021-08-25 23:26:48', '2021-08-25 23:26:48'),
(702, 2, 'S67000-98JG6', '2.00', '2', 'CONT/REMOTO ELEC DOBLE KIT DF150 SUZUKI', 'UN', '2021-08-25 23:26:48', '2021-08-25 23:26:48'),
(702, 2, 'S36667-96L00-000', '2.00', '2', 'ADAPTADOR DOBLE/TRIPLE RELOJ DIG ELECT', 'UN', '2021-08-25 23:26:48', '2021-08-25 23:26:48'),
(702, 2, '99105-11000-021', '4.00', '4', 'GUAYA CONTROL REMOTO 21FT', 'UN', '2021-08-25 19:36:52', '2021-08-25 19:36:52'),
(703, 3, 'S/C', '1.00', '1', 'ZAPATO DEPORTIVO TALLA 41', 'PAA', '2021-08-25 23:44:40', '2021-08-25 23:44:40'),
(704, 2, '36620-98J32', '1.00', '1', 'ARNES C/REMOTO ELECT 6.5M DF150AP-350A', 'UN', '2021-08-25 23:57:18', '2021-08-25 23:57:18'),
(705, 3, 'S/C', '1.00', '1', 'ZAPATO DEPORTIVO TALLA 43', 'PAA', '2021-08-27 21:13:45', '2021-08-27 21:13:45'),
(706, 2, 'S67000-98JG6', '1.00', '1', 'CONT/REMOTO ELEC DOBLE KIT DF150 SUZUKI', 'UN', '2021-08-30 19:32:11', '2021-08-30 19:32:11'),
(706, 2, 'S36667-96L00-000', '1.00', '1', 'ADAPTADOR DOBLE/TRIPLE RELOJ DIG ELECT', 'UN', '2021-08-30 19:32:11', '2021-08-30 19:32:11'),
(706, 2, 'S36620-98J31-000', '1.00', '1', 'ARNES C/REMOTO ELECT 6.5M DF150AP-350A', 'UN', '2021-08-30 19:32:11', '2021-08-30 19:32:11'),
(707, 3, 'S/C', '2.00', '2', 'EXHIBIDOR MOTUL', 'UN', '2021-08-30 19:47:34', '2021-08-30 19:47:34'),
(708, 2, '10024209', '1.00', '1', 'BATERIA YTX14-BS SOLBATTERY', 'UN', '2021-08-30 23:07:53', '2021-08-30 23:07:53'),
(709, 3, '10027089', '2.00', '2', 'BATERIA YTX20L-BS SOLBATTERY', 'UN', '2021-09-02 21:47:28', '2021-09-02 21:47:28'),
(710, 1, '001', '1.00', NULL, 'Laptop HP 430 en calidad de prestamo', 'UN', '2021-09-03 00:23:44', '2021-09-03 00:23:44'),
(711, 2, 'S/C', '12.00', '1', 'PASTILLAS PARA FRENOS BRAKE PADS. MODELO :SOL644', 'UN', '2021-09-06 22:22:51', '2021-09-06 22:22:51'),
(712, 2, 'S34200-93J14-000', '6.00', '1', 'TACOMETRO BL C/MONITOR', 'UN', '2021-09-06 22:37:05', '2021-09-06 22:37:05'),
(712, 2, 'S34800-93J13-000', '6.00', '1', 'RELOJ MEDIDOR TRIM', 'UN', '2021-09-06 22:37:05', '2021-09-06 22:37:05'),
(713, 3, 'S/C', '1.00', '1', 'C4 CHAIN LUBE FL 400ML', 'UN', '2021-09-08 16:59:05', '2021-09-08 16:59:05'),
(714, 1, 'S/C', '1.00', '1', 'JUEGO DE RECIBO MOTUL', 'UN', '2021-09-08 17:01:03', '2021-09-08 17:01:03'),
(715, 3, 'S/C', '1.00', '1', 'ZAPATO DEPORTIVO TALLA 38', 'PAA', '2021-09-09 18:54:22', '2021-09-09 18:54:22'),
(718, 1, 'sua3000rm2ujs0819011797', '1.00', NULL, 'UPS marca APC 1500', 'UN', '2021-09-09 21:57:46', '2021-09-09 21:57:46'),
(719, 3, 'S/C', '1.00', '1', 'EXHIBIDOR MOTUL', 'UN', '2021-09-10 17:42:48', '2021-09-10 17:42:48'),
(720, 1, '55DS2', '2.00', '2', 'TV HAIER 55 \'\'', 'UN', '2021-09-11 14:13:36', '2021-09-11 14:13:36'),
(720, 1, 'SPSI5P6300J', '2.00', '2', 'CORNETAS PORTATILES GRANDE ', 'UN', '2021-09-11 14:15:00', '2021-09-11 14:15:00'),
(720, 1, 'GENINV', '1.00', '1', 'CORNETA PORTATIL PEQUEÑA', 'UN', '2021-09-11 14:15:32', '2021-09-10 14:15:33'),
(720, 1, 'PUBK3805292', '1.00', '1', 'VIDEO BEAN EPSON', 'UN', '2021-09-11 14:16:05', '2021-09-11 14:16:05'),
(720, 1, 'SIN SERIAL', '3.00', '3', 'PARALES PARA CORNETAS PORTATILIES', 'UN', '2021-09-11 14:16:41', '2021-09-11 14:16:41'),
(720, 1, 'SIN SERIAL', '1.00', '1', 'PANTALLA PROYECCION VIDEO BEAN', 'UN', '2021-09-11 14:17:18', '2021-09-11 14:17:18'),
(720, 1, 'SIN SERIAL ', '2.00', '2', 'BASE PARA TELEVISORES', 'UN', '2021-09-11 14:17:46', '2021-09-10 14:17:47'),
(720, 1, 'SIN SERIAL', '1.00', '1', 'SKY PLL UHF DIVERSITY RECEIVER', 'UN', '2021-09-13 12:13:08', '2021-09-13 12:13:08'),
(721, 3, '3YDVJQ1', '1.00', '1', 'PC MARCA DELL', 'UN', '2021-09-13 23:45:17', '2021-09-13 23:45:17'),
(722, 3, '10028190', '1.00', '1', 'BATERIA YTX14AL-BS SOLBATTERY', 'UN', '2021-09-15 15:43:25', '2021-09-15 15:43:25'),
(723, 3, '10025093', '1.00', '1', 'BATERIA YTX12-BS SOLBATTERY', 'UN', '2021-09-15 16:08:05', '2021-09-15 16:08:05'),
(724, 2, 'S58200-92J60-000', '2.00', '2', 'PROPELA PASO 19\'\' DF90A/115A/140A', 'UN', '2021-09-16 18:38:25', '2021-09-16 18:38:26'),
(724, 2, 'S5820-92JB0-000', '2.00', '2', 'PROPELA PASO 19´´ C/R DF115A/140A', 'UN', '2021-09-16 18:39:22', '2021-09-16 18:39:23'),
(724, 2, 'DF115ATX-BL', '1.00', '1', 'MOTOR F/B DF115ATX BL', 'UN', '2021-09-16 18:40:05', '2021-09-14 18:40:05'),
(724, 2, 'DF115ATX-K19-BLC', '1.00', '1', 'MOTOR F/B DF115ATX K19 BLC ', 'UN ', '2021-09-16 18:41:14', '2021-09-16 18:41:15'),
(724, 2, 'DF115AZX-BL', '1.00', '1', 'MOTOR F/B DF115AZX BL', 'UN', '2021-09-16 18:42:07', '2021-09-16 18:42:12'),
(724, 2, 'S36620-93J02-000', '2.00', '2', 'ARNES C/REMOTO MEC 5M DF90A-15A', 'UN', '2021-09-16 18:43:05', '2021-09-16 18:43:06'),
(724, 2, 'S67000-88L13-000', '1.00', '1', 'CONT/REMOTO DOBLE MEC KIT DF90A-DF150A', 'KIT', '2021-09-16 18:43:59', '2021-09-16 18:44:00'),
(724, 2, 'S67600-90J00-000', '1.00', '1', 'BARRA UNION KIT DF115A/DF140A', 'KIT', '2021-09-16 18:44:43', '2021-09-16 18:44:43'),
(724, 2, 'S67320-93J40-000', '6.00', '6', 'GUAYA CONT/REMOTO (16F:4.8m) DF90A-150A', 'UN', '2021-09-16 18:45:35', '2021-09-16 18:45:35'),
(724, 2, 'S16510-96J10-000', '12.00', '12', 'FILTRO ACEIOTE DF150AP-300AP/350A', 'UN', '2021-09-16 18:46:17', '2021-09-15 18:46:17'),
(725, 3, '1000008', '4.00', '4', '5100 15W50 4T 12X1L', 'CJ', '2021-09-16 19:32:51', '2021-09-16 19:32:52'),
(726, 2, 'S/C', '1.00', '1', '2100 PROTECT ECO5W30 12X1AL', 'CAJ', '2021-09-21 17:33:27', '2021-09-20 17:33:27'),
(727, 1, 'CND8BBBB2R5', '1.00', '1', 'LASERT JET M1212NF MFP', 'UN', '2021-09-21 17:45:09', '2021-09-21 17:45:10'),
(728, 3, 'S/C', '1.00', '1', 'EXHIBIDOR MOTUL', 'UN', '2021-09-21 18:17:23', '2021-09-21 18:17:23'),
(728, 3, 'S/C', '1.00', '1', 'EXHIBIDOR BATERIA', 'UN', '2021-09-21 18:17:44', '2021-09-22 18:17:45'),
(729, 3, 'S/C', '1.00', '1', 'EXHIBIDOR MOTUL', 'UN', '2021-09-22 12:05:53', '2021-09-22 12:05:53'),
(730, 2, '10022715', '10.00', '10', 'CASCO BLD203 ABS NG XS SOLHELMET', 'UN', '2021-09-23 14:49:35', '2021-09-23 14:49:35'),
(731, 2, 'SB10030081', '30.00', '30', '30 BICICLETAS SOLBIKE 29MT19AH01', 'UN', '2021-09-23 18:16:05', '2021-09-23 18:16:05'),
(732, 2, 'SB10030083', '1.00', '1', 'BICICLETAS SOLBIKE BMX SHKB425 R20', 'UN', '2021-09-24 15:05:31', '2021-09-24 15:05:31'),
(733, 3, 'S/C', '3.00', '3', 'EXHIBIDOR MOTUL', 'UN', '2021-09-27 20:12:52', '2021-09-27 20:12:53'),
(734, 3, 'S/C', '3.00', '3', 'EXHIBIDOR MOTUL', 'UN', '2021-09-27 20:14:39', '2021-09-27 20:14:40'),
(735, 2, 'S/C', '4.00', '4', 'ESTRUTURA METALICA DE TOLDO', 'UN', '2021-09-27 20:55:57', '2021-09-27 20:55:57'),
(735, 2, 'S/C', '4.00', '4', 'FORROS PARA TOLDO 3X3 COLOR ROJO SIN LOGO', 'UN', '2021-09-27 20:56:38', '2021-09-27 20:56:38'),
(736, 3, 'S/C – MATERIAL POP', '3.00', '3', 'EXHIBIDOR MOTUL', 'UN', '2021-09-28 19:42:18', '2021-09-28 19:42:19'),
(737, 1, 'S/S', '1.00', '1', 'FUENTE DE PODER DEL PLOTTER', 'UN', '2021-09-29 11:53:20', '2021-09-29 11:53:20'),
(738, 2, 'S/C', '10.00', '10', 'TOLDO 3X3 ROJO', 'UN', '2021-09-29 18:06:29', '2021-09-29 18:06:29'),
(739, 1, '07003F-040553', '1.00', '1', 'MOTOR FB SUSKI DF70ATX', 'UN', '2021-09-30 14:29:34', '2021-09-30 14:29:35'),
(739, 1, '04005-911832', '1.00', '1', 'MOTOR FB SUZUKI DT40WL', 'UN', '2021-09-30 14:30:57', '2021-09-30 14:30:58'),
(740, 2, 'S/C', '1.00', '1', 'TOLDO 3X3 ROJO', 'UN', '2021-10-01 11:52:39', '2021-10-01 11:52:40'),
(741, 2, 'H122', '1.00', '1', 'DIESEL FUEL DISPENSER SERIAL WT210636', 'UN', '2021-10-01 12:28:12', '2021-10-01 12:28:12'),
(741, 2, 'H242', '1.00', '1', 'GASOLINA FUEL DISPENSER SERIAL WT21169', 'UN', '2021-10-01 12:28:39', '2021-10-01 12:28:40'),
(742, 2, 'H242', '1.00', '1', 'GASOLINA FUEL DISPENSER SERIAL WT211681', 'UN', '2021-10-01 17:50:46', '2021-10-01 17:50:46'),
(742, 2, 'H242', '1.00', '1', 'GASOLINA FUEL DISPENSER SERIAL WT211683', 'UN', '2021-10-01 17:51:25', '2021-10-01 17:51:26'),
(742, 2, 'H242', '1.00', '1', 'GASOLINA FUEL DISPENSER SERIAL WT211732', 'UN', '2021-10-01 17:51:55', '2021-10-01 17:51:55'),
(743, 2, 'H242', '1.00', '1', 'GASOLINA FUEL DISPENSER SERIAL WT211700', 'UN', '2021-10-01 17:57:25', '2021-10-01 17:57:26'),
(744, 2, '1000056', '1.00', '1', '8100 X-CESS 5W40 12X1L', 'CA', '2021-10-01 18:46:45', '2021-10-01 18:46:46'),
(745, 2, '333', '1.00', '1', 'dffff', 'BTO', '2021-10-02 22:42:21', '2021-10-02 22:42:21'),
(746, 2, '10030035', '1.00', '1', 'PLAS 90911 END NG KIT EXC/EXC-F 20', 'KIT', '2021-10-04 21:11:50', '2021-10-04 21:11:50'),
(746, 2, '10030034', '1.00', '1', 'PLAS 90910 END BL KIT EXC/EXC-F 20', 'KIT', '2021-10-04 21:11:50', '2021-10-04 21:11:50'),
(747, 2, 'H242', '1.00', '1', 'GASOLINE FUEL DISPENSER, SERIAL WT211697', 'UN', '2021-10-05 23:17:19', '2021-10-05 23:17:19'),
(747, 2, 'H242', '1.00', '1', 'GASOLINE FUEL DISPENSER, SERIAL WT211701', 'UN', '2021-10-05 23:17:19', '2021-10-05 23:17:19'),
(747, 2, 'H242', '1.00', '1', 'GASOLINE FUEL DISPENSER, SERIAL WT211712', 'UN', '2021-10-05 23:17:19', '2021-10-05 23:17:19'),
(747, 2, 'H242', '1.00', '1', 'GASOLINE FUEL DISPENSER, SERIAL WT211733', 'UN', '2021-10-05 23:17:19', '2021-10-05 23:17:19'),
(748, 2, 'H242', '1.00', '1', 'GASOLINE FUEL DISPENSER, SERIAL WT211686', 'UN', '2021-10-05 23:20:51', '2021-10-05 23:20:51'),
(748, 2, 'H242', '1.00', '1', 'GASOLINE FUEL DISPENSER, SERIAL WT211713', 'UN', '2021-10-05 23:20:51', '2021-10-05 23:20:51'),
(748, 2, 'H242', '1.00', '1', 'GASOLINE FUEL DISPENSER, SERIAL WT211730', 'UN', '2021-10-05 23:20:51', '2021-10-05 23:20:51'),
(749, 2, 'H122', '1.00', '1', 'DIESEL FUEL DISPENSER, SERIAL WT210633', 'UN', '2021-10-05 23:23:26', '2021-10-05 23:23:26'),
(749, 2, 'H242', '1.00', '1', 'GASOLINE FUEL DISPENSER, SERIAL WT211688', 'UN', '2021-10-05 23:23:26', '2021-10-05 23:23:26'),
(750, 3, '10024209', '1.00', '1', 'BATERIA YTX14-BS SOLBATTERY', 'UN', '2021-10-06 16:49:23', '2021-10-06 16:49:23'),
(751, 3, 'S/C', '1.00', '1', 'EXHIBIDOR MOTUL', 'UN', '2021-10-07 16:38:28', '2021-10-07 16:38:28'),
(752, 2, 'S/C', '1.00', '1', 'MOTOR HJ150-3', 'UN', '2021-10-07 16:41:12', '2021-10-07 16:41:12'),
(752, 2, 'S/C', '1.00', '1', 'MOTOR HJ200SM', 'UN', '2021-10-07 16:41:12', '2021-10-07 16:41:12'),
(755, 3, '001', '1.00', NULL, 'bomba surtidora', 'UN', '2021-10-08 16:17:08', '2021-10-08 16:17:08'),
(755, 3, '002', '1.00', NULL, 'kit', 'UN', '2021-10-08 16:17:08', '2021-10-08 16:17:08'),
(755, 3, '003', '1.00', NULL, 'fuente', 'UN', '2021-10-08 16:17:08', '2021-10-08 16:17:08'),
(755, 3, '004', '1.00', NULL, 'sonda', 'UN', '2021-10-08 16:17:08', '2021-10-08 16:17:08'),
(756, 1, '001', '1.00', NULL, 'cpu dell mas disco duro de 500gb', 'UN', '2021-10-08 23:38:33', '2021-10-08 23:38:33'),
(757, 1, 'S/C', '2.00', '2', 'BANDERINES CON BASE SUZUKI', 'UN', '2021-10-11 18:03:03', '2021-10-11 18:03:03'),
(758, 3, 'S/C', '60.00', '6', 'PALETAS DE MADERAS', 'UN', '2021-10-11 18:30:12', '2021-10-11 18:30:12'),
(759, 3, 'S/C', '120.00', '12', 'PALETAS DE MADERAS', 'UN', '2021-10-11 22:25:40', '2021-10-11 22:25:40'),
(760, 2, 'DT15AL-NG', '1.00', '1', 'MOTOR F/B DT15AL NG, SERIAL 01504-920875', 'UN', '2021-10-13 19:10:26', '2021-10-13 19:10:26'),
(760, 2, 'DT40WL-NG', '1.00', '1', 'MOTOR F/B DT40WL NG, SERIAL 04005-911832', 'UN', '2021-10-13 19:10:26', '2021-10-13 19:10:26'),
(760, 3, 'S/C', '2.00', '2', 'EXHIBIDOR MOTOR FB BAJA CILINDRADA', 'UN', '2021-10-13 19:10:26', '2021-10-13 19:10:26'),
(761, 1, 'S/C', '2.00', '2', 'BANDERINES SOLPOWER AGRICOLA', 'UN', '2021-10-13 19:14:46', '2021-10-13 19:14:46'),
(761, 1, 'S/C', '2.00', '2', 'BANDERINES SUZUKI MARINE', 'UN', '2021-10-13 19:14:46', '2021-10-13 19:14:46'),
(762, 1, 'S/C', '1.00', '1', 'CAJA DE FUENTE DE PODER DEL PLOTTER', 'UN', '2021-10-13 20:35:41', '2021-10-13 20:35:41'),
(763, 3, 'S/C', '35.00', '1', 'PIÑONES', 'UN', '2021-10-13 22:02:42', '2021-10-13 22:02:42'),
(763, 3, 'S/C', '35.00', '1', 'CADENAS', 'UN', '2021-10-13 22:02:42', '2021-10-13 22:02:42'),
(764, 2, 'S/C', '1.00', '1', 'MOTOR HJ150-3', 'UN', '2021-10-14 00:13:57', '2021-10-14 00:13:57'),
(764, 2, 'S/C', '1.00', '1', 'MOTOR HJ200SM', 'UN', '2021-10-14 00:13:57', '2021-10-14 00:13:57');

-- --------------------------------------------------------

--
-- Estructura de tabla para la tabla `migrations`
--

CREATE TABLE `migrations` (
  `id` int(10) UNSIGNED NOT NULL,
  `migration` varchar(255) COLLATE utf8mb4_unicode_ci NOT NULL,
  `batch` int(11) NOT NULL
) ENGINE=InnoDB DEFAULT CHARSET=utf8mb4 COLLATE=utf8mb4_unicode_ci;

--
-- Volcado de datos para la tabla `migrations`
--

INSERT INTO `migrations` (`id`, `migration`, `batch`) VALUES
(1, '2014_10_12_000000_create_users_table', 1),
(2, '2014_10_12_100000_create_password_resets_table', 1),
(3, '2019_08_19_000000_create_failed_jobs_table', 1),
(4, '2016_08_21_222059_initalization', 2);

-- --------------------------------------------------------

--
-- Estructura de tabla para la tabla `password_resets`
--

CREATE TABLE `password_resets` (
  `email` varchar(255) COLLATE utf8mb4_unicode_ci NOT NULL,
  `token` varchar(255) COLLATE utf8mb4_unicode_ci NOT NULL,
  `created_at` timestamp NULL DEFAULT NULL
) ENGINE=InnoDB DEFAULT CHARSET=utf8mb4 COLLATE=utf8mb4_unicode_ci;

-- --------------------------------------------------------

--
-- Estructura de tabla para la tabla `products`
--

CREATE TABLE `products` (
  `id` int(10) UNSIGNED NOT NULL,
  `name` varchar(255) COLLATE utf8mb4_unicode_ci NOT NULL,
  `price` decimal(10,2) NOT NULL,
  `created_at` timestamp NULL DEFAULT NULL,
  `updated_at` timestamp NULL DEFAULT NULL
) ENGINE=InnoDB DEFAULT CHARSET=utf8mb4 COLLATE=utf8mb4_unicode_ci;

--
-- Volcado de datos para la tabla `products`
--

INSERT INTO `products` (`id`, `name`, `price`, `created_at`, `updated_at`) VALUES
(1, 'Regresar', '1.00', NULL, NULL),
(2, 'Facturar', '1.00', NULL, NULL),
(3, 'Otro', '1.00', NULL, NULL);

-- --------------------------------------------------------

--
-- Estructura de tabla para la tabla `users`
--

CREATE TABLE `users` (
  `id` bigint(20) UNSIGNED NOT NULL,
  `name` varchar(255) COLLATE utf8mb4_unicode_ci NOT NULL,
  `email` varchar(255) COLLATE utf8mb4_unicode_ci NOT NULL,
  `email_verified_at` timestamp NULL DEFAULT NULL,
  `password` varchar(255) COLLATE utf8mb4_unicode_ci NOT NULL,
  `remember_token` varchar(100) COLLATE utf8mb4_unicode_ci DEFAULT NULL,
  `created_at` timestamp NULL DEFAULT NULL,
  `updated_at` timestamp NULL DEFAULT NULL
) ENGINE=InnoDB DEFAULT CHARSET=utf8mb4 COLLATE=utf8mb4_unicode_ci;

--
-- Volcado de datos para la tabla `users`
--

INSERT INTO `users` (`id`, `name`, `email`, `email_verified_at`, `password`, `remember_token`, `created_at`, `updated_at`) VALUES
(1, 'Joel Perez', 'joelperez162@gmail.com', NULL, '$2y$10$Gb/c6edAOG8GDISSpuvey.R9qhNZKODaNLYJKznVdS8gdiJbSF8X.', NULL, '2021-01-19 06:38:22', '2021-01-19 06:38:22');

--
-- Índices para tablas volcadas
--

--
-- Indices de la tabla `clients`
--
ALTER TABLE `clients`
  ADD PRIMARY KEY (`id`);

--
-- Indices de la tabla `failed_jobs`
--
ALTER TABLE `failed_jobs`
  ADD PRIMARY KEY (`id`);

--
-- Indices de la tabla `invoices`
--
ALTER TABLE `invoices`
  ADD PRIMARY KEY (`id`),
  ADD KEY `invoices_client_id_foreign` (`client_id`);

--
-- Indices de la tabla `invoice_items`
--
ALTER TABLE `invoice_items`
  ADD KEY `invoice_items_invoice_id_foreign` (`invoice_id`),
  ADD KEY `invoice_items_product_id_foreign` (`product_id`);

--
-- Indices de la tabla `migrations`
--
ALTER TABLE `migrations`
  ADD PRIMARY KEY (`id`);

--
-- Indices de la tabla `password_resets`
--
ALTER TABLE `password_resets`
  ADD KEY `password_resets_email_index` (`email`);

--
-- Indices de la tabla `products`
--
ALTER TABLE `products`
  ADD PRIMARY KEY (`id`);

--
-- Indices de la tabla `users`
--
ALTER TABLE `users`
  ADD PRIMARY KEY (`id`),
  ADD UNIQUE KEY `users_email_unique` (`email`);

--
-- AUTO_INCREMENT de las tablas volcadas
--

--
-- AUTO_INCREMENT de la tabla `clients`
--
ALTER TABLE `clients`
  MODIFY `id` int(10) UNSIGNED NOT NULL AUTO_INCREMENT, AUTO_INCREMENT=4;

--
-- AUTO_INCREMENT de la tabla `failed_jobs`
--
ALTER TABLE `failed_jobs`
  MODIFY `id` bigint(20) UNSIGNED NOT NULL AUTO_INCREMENT;

--
-- AUTO_INCREMENT de la tabla `invoices`
--
ALTER TABLE `invoices`
  MODIFY `id` int(10) UNSIGNED NOT NULL AUTO_INCREMENT, AUTO_INCREMENT=765;

--
-- AUTO_INCREMENT de la tabla `migrations`
--
ALTER TABLE `migrations`
  MODIFY `id` int(10) UNSIGNED NOT NULL AUTO_INCREMENT, AUTO_INCREMENT=5;

--
-- AUTO_INCREMENT de la tabla `products`
--
ALTER TABLE `products`
  MODIFY `id` int(10) UNSIGNED NOT NULL AUTO_INCREMENT, AUTO_INCREMENT=4;

--
-- AUTO_INCREMENT de la tabla `users`
--
ALTER TABLE `users`
  MODIFY `id` bigint(20) UNSIGNED NOT NULL AUTO_INCREMENT, AUTO_INCREMENT=2;

--
-- Restricciones para tablas volcadas
--

--
-- Filtros para la tabla `invoices`
--
ALTER TABLE `invoices`
  ADD CONSTRAINT `invoices_client_id_foreign` FOREIGN KEY (`client_id`) REFERENCES `clients` (`id`);

--
-- Filtros para la tabla `invoice_items`
--
ALTER TABLE `invoice_items`
  ADD CONSTRAINT `invoice_items_invoice_id_foreign` FOREIGN KEY (`invoice_id`) REFERENCES `invoices` (`id`),
  ADD CONSTRAINT `invoice_items_product_id_foreign` FOREIGN KEY (`product_id`) REFERENCES `products` (`id`);
COMMIT;

/*!40101 SET CHARACTER_SET_CLIENT=@OLD_CHARACTER_SET_CLIENT */;
/*!40101 SET CHARACTER_SET_RESULTS=@OLD_CHARACTER_SET_RESULTS */;
/*!40101 SET COLLATION_CONNECTION=@OLD_COLLATION_CONNECTION */;
